order_id,order_date,customer_id,customer_name,segment,city,region,product_id,product_name,category,quantity,unit_price,discount,revenue,unit_cost,total_cost,profit,payment_method,order_status,month,year
ORD-0001,2025-10-14,CUS-027,Kabir Khan 2,Small Business,Mumbai,West,PRD-003,USB-C Hub,Electronics,1,1899,0.05,1804.05,1180,1180,624.05,Net Banking,Completed,Oct 2025,2025
ORD-0002,2025-09-03,CUS-026,Isha Mehta 2,Corporate,Jaipur,North,PRD-008,Storage Container Set,Home & Kitchen,1,999,0.0,0.0,580,0,0.0,Credit Card,Returned,Sep 2025,2025
ORD-0003,2025-04-04,CUS-079,Siddharth Jain 4,Consumer,Kolkata,East,PRD-004,Laptop Stand,Office Supplies,5,1299,0.2,5196.0,760,3800,1396.0,UPI,Completed,Apr 2025,2025
ORD-0004,2025-01-02,CUS-041,Aarav Sharma 3,Corporate,Pune,West,PRD-011,Classic Wallet,Fashion,1,1199,0.05,1139.05,690,690,449.05,Debit Card,Completed,Jan 2025,2025
ORD-0005,2025-02-25,CUS-078,Nisha Bansal 4,Small Business,Jaipur,North,PRD-007,Electric Kettle,Home & Kitchen,4,1699,0.0,0.0,1040,0,0.0,Credit Card,Cancelled,Feb 2025,2025
ORD-0006,2025-05-13,CUS-044,Ananya Gupta 3,Corporate,Jaipur,North,PRD-012,Stainless Water Bottle,Lifestyle,4,799,0.1,2876.4,410,1640,1236.4,Net Banking,Completed,May 2025,2025
ORD-0007,2025-07-29,CUS-015,Karan Malhotra,Small Business,Chennai,South,PRD-006,Desk Organiser,Office Supplies,1,699,0.15,0.0,390,0,0.0,Net Banking,Cancelled,Jul 2025,2025
ORD-0008,2025-04-09,CUS-039,Siddharth Jain 2,Small Business,Kolkata,East,PRD-003,USB-C Hub,Electronics,1,1899,0.15,1614.15,1180,1180,434.15,UPI,Completed,Apr 2025,2025
ORD-0009,2025-06-28,CUS-019,Siddharth Jain,Consumer,Hyderabad,South,PRD-009,Table Lamp,Home & Kitchen,4,1499,0.2,4796.8,920,3680,1116.8,Cash on Delivery,Completed,Jun 2025,2025
ORD-0010,2025-11-13,CUS-005,Arjun Verma,Corporate,Pune,West,PRD-008,Storage Container Set,Home & Kitchen,2,999,0.0,1998.0,580,1160,838.0,Credit Card,Completed,Nov 2025,2025
ORD-0011,2025-05-18,CUS-003,Vihaan Singh,Small Business,Lucknow,North,PRD-008,Storage Container Set,Home & Kitchen,3,999,0.15,0.0,580,0,0.0,Net Banking,Returned,May 2025,2025
ORD-0012,2025-01-18,CUS-076,Pooja Saxena 4,Consumer,Ahmedabad,West,PRD-003,USB-C Hub,Electronics,2,1899,0.0,3798.0,1180,2360,1438.0,UPI,Completed,Jan 2025,2025
ORD-0013,2025-10-09,CUS-038,Nisha Bansal 2,Corporate,Ahmedabad,West,PRD-007,Electric Kettle,Home & Kitchen,5,1699,0.05,8070.25,1040,5200,2870.25,Cash on Delivery,Completed,Oct 2025,2025
ORD-0014,2025-01-05,CUS-064,Ananya Gupta 4,Consumer,Delhi,North,PRD-009,Table Lamp,Home & Kitchen,5,1499,0.1,6745.5,920,4600,2145.5,Cash on Delivery,Completed,Jan 2025,2025
ORD-0015,2025-09-21,CUS-078,Nisha Bansal 4,Small Business,Chennai,South,PRD-002,Bluetooth Headphones,Electronics,1,2499,0.1,2249.1,1620,1620,629.1,Cash on Delivery,Completed,Sep 2025,2025
ORD-0016,2025-03-29,CUS-019,Siddharth Jain,Consumer,Kolkata,East,PRD-010,Travel Backpack,Fashion,1,2199,0.15,1869.15,1380,1380,489.15,Debit Card,Completed,Mar 2025,2025
ORD-0017,2025-10-06,CUS-079,Siddharth Jain 4,Consumer,Pune,West,PRD-007,Electric Kettle,Home & Kitchen,5,1699,0.05,8070.25,1040,5200,2870.25,Net Banking,Completed,Oct 2025,2025
ORD-0018,2025-06-02,CUS-002,Diya Patel,Corporate,Hyderabad,South,PRD-001,Wireless Mouse,Electronics,4,899,0.0,0.0,540,0,0.0,Net Banking,Returned,Jun 2025,2025
ORD-0019,2025-10-27,CUS-062,Diya Patel 4,Corporate,Lucknow,North,PRD-005,Executive Notebook,Office Supplies,5,349,0.0,1745.0,170,850,895.0,Cash on Delivery,Completed,Oct 2025,2025
ORD-0020,2025-12-24,CUS-006,Isha Mehta,Small Business,Pune,West,PRD-002,Bluetooth Headphones,Electronics,5,2499,0.15,10620.75,1620,8100,2520.75,Credit Card,Completed,Dec 2025,2025
ORD-0021,2025-01-24,CUS-010,Saanvi Iyer,Consumer,Kolkata,East,PRD-008,Storage Container Set,Home & Kitchen,1,999,0.15,849.15,580,580,269.15,Credit Card,Completed,Jan 2025,2025
ORD-0022,2025-12-04,CUS-022,Diya Patel 2,Consumer,Lucknow,North,PRD-006,Desk Organiser,Office Supplies,5,699,0.0,3495.0,390,1950,1545.0,UPI,Completed,Dec 2025,2025
ORD-0023,2025-07-15,CUS-014,Neha Rao,Corporate,Lucknow,North,PRD-002,Bluetooth Headphones,Electronics,1,2499,0.1,2249.1,1620,1620,629.1,Credit Card,Completed,Jul 2025,2025
ORD-0024,2025-05-11,CUS-036,Pooja Saxena 2,Small Business,Delhi,North,PRD-003,USB-C Hub,Electronics,4,1899,0.2,0.0,1180,0,0.0,Net Banking,Returned,May 2025,2025
ORD-0025,2025-01-20,CUS-043,Vihaan Singh 3,Consumer,Chennai,South,PRD-011,Classic Wallet,Fashion,3,1199,0.15,3057.45,690,2070,987.45,Debit Card,Completed,Jan 2025,2025
ORD-0026,2025-04-12,CUS-003,Vihaan Singh,Small Business,Lucknow,North,PRD-003,USB-C Hub,Electronics,5,1899,0.1,0.0,1180,0,0.0,Credit Card,Cancelled,Apr 2025,2025
ORD-0027,2025-03-27,CUS-062,Diya Patel 4,Corporate,Bengaluru,South,PRD-012,Stainless Water Bottle,Lifestyle,1,799,0.0,799.0,410,410,389.0,Cash on Delivery,Completed,Mar 2025,2025
ORD-0028,2025-04-07,CUS-029,Rohan Das 2,Corporate,Jaipur,North,PRD-012,Stainless Water Bottle,Lifestyle,1,799,0.15,0.0,410,0,0.0,Cash on Delivery,Cancelled,Apr 2025,2025
ORD-0029,2025-01-30,CUS-074,Neha Rao 4,Corporate,Bengaluru,South,PRD-010,Travel Backpack,Fashion,4,2199,0.0,0.0,1380,0,0.0,Net Banking,Returned,Jan 2025,2025
ORD-0030,2025-06-12,CUS-058,Nisha Bansal 3,Consumer,Delhi,North,PRD-001,Wireless Mouse,Electronics,5,899,0.0,4495.0,540,2700,1795.0,Debit Card,Completed,Jun 2025,2025
ORD-0031,2025-02-20,CUS-021,Aarav Sharma 2,Small Business,Hyderabad,South,PRD-007,Electric Kettle,Home & Kitchen,1,1699,0.05,0.0,1040,0,0.0,Cash on Delivery,Cancelled,Feb 2025,2025
ORD-0032,2025-04-05,CUS-017,Vikram Yadav,Corporate,Ahmedabad,West,PRD-005,Executive Notebook,Office Supplies,5,349,0.15,0.0,170,0,0.0,Debit Card,Returned,Apr 2025,2025
ORD-0033,2025-06-30,CUS-049,Rohan Das 3,Consumer,Jaipur,North,PRD-005,Executive Notebook,Office Supplies,1,349,0.05,331.55,170,170,161.55,Cash on Delivery,Completed,Jun 2025,2025
ORD-0034,2025-11-03,CUS-031,Aditya Joshi 2,Consumer,Jaipur,North,PRD-006,Desk Organiser,Office Supplies,5,699,0.0,3495.0,390,1950,1545.0,Net Banking,Completed,Nov 2025,2025
ORD-0035,2025-07-21,CUS-062,Diya Patel 4,Corporate,Pune,West,PRD-001,Wireless Mouse,Electronics,1,899,0.1,809.1,540,540,269.1,Cash on Delivery,Completed,Jul 2025,2025
ORD-0036,2025-11-22,CUS-002,Diya Patel,Corporate,Delhi,North,PRD-012,Stainless Water Bottle,Lifestyle,1,799,0.0,0.0,410,0,0.0,UPI,Cancelled,Nov 2025,2025
ORD-0037,2025-06-01,CUS-031,Aditya Joshi 2,Consumer,Jaipur,North,PRD-003,USB-C Hub,Electronics,3,1899,0.15,0.0,1180,0,0.0,Net Banking,Cancelled,Jun 2025,2025
ORD-0038,2025-10-23,CUS-073,Rahul Mishra 4,Consumer,Jaipur,North,PRD-003,USB-C Hub,Electronics,3,1899,0.2,0.0,1180,0,0.0,Debit Card,Returned,Oct 2025,2025
ORD-0039,2025-01-23,CUS-073,Rahul Mishra 4,Consumer,Ahmedabad,West,PRD-005,Executive Notebook,Office Supplies,5,349,0.1,1570.5,170,850,720.5,Net Banking,Completed,Jan 2025,2025
ORD-0040,2025-03-02,CUS-053,Rahul Mishra 3,Corporate,Hyderabad,South,PRD-004,Laptop Stand,Office Supplies,1,1299,0.0,1299.0,760,760,539.0,Net Banking,Completed,Mar 2025,2025
ORD-0041,2025-12-28,CUS-019,Siddharth Jain,Consumer,Delhi,North,PRD-009,Table Lamp,Home & Kitchen,1,1499,0.15,1274.15,920,920,354.15,Cash on Delivery,Completed,Dec 2025,2025
ORD-0042,2025-09-07,CUS-036,Pooja Saxena 2,Small Business,Kolkata,East,PRD-005,Executive Notebook,Office Supplies,2,349,0.0,698.0,170,340,358.0,UPI,Completed,Sep 2025,2025
ORD-0043,2025-02-26,CUS-069,Rohan Das 4,Small Business,Delhi,North,PRD-012,Stainless Water Bottle,Lifestyle,2,799,0.1,1438.2,410,820,618.2,Net Banking,Completed,Feb 2025,2025
ORD-0044,2025-11-21,CUS-065,Arjun Verma 4,Corporate,Delhi,North,PRD-001,Wireless Mouse,Electronics,1,899,0.15,764.15,540,540,224.15,Net Banking,Completed,Nov 2025,2025
ORD-0045,2025-10-24,CUS-023,Vihaan Singh 2,Corporate,Mumbai,West,PRD-010,Travel Backpack,Fashion,2,2199,0.0,0.0,1380,0,0.0,Net Banking,Returned,Oct 2025,2025
ORD-0046,2025-11-15,CUS-032,Priya Kapoor 2,Corporate,Kolkata,East,PRD-005,Executive Notebook,Office Supplies,2,349,0.0,698.0,170,340,358.0,Net Banking,Completed,Nov 2025,2025
ORD-0047,2025-10-13,CUS-012,Priya Kapoor,Small Business,Lucknow,North,PRD-007,Electric Kettle,Home & Kitchen,4,1699,0.0,6796.0,1040,4160,2636.0,Net Banking,Completed,Oct 2025,2025
ORD-0048,2025-10-07,CUS-075,Karan Malhotra 4,Small Business,Pune,West,PRD-008,Storage Container Set,Home & Kitchen,5,999,0.05,4745.25,580,2900,1845.25,Net Banking,Completed,Oct 2025,2025
ORD-0049,2025-12-19,CUS-043,Vihaan Singh 3,Consumer,Delhi,North,PRD-006,Desk Organiser,Office Supplies,1,699,0.05,0.0,390,0,0.0,Cash on Delivery,Returned,Dec 2025,2025
ORD-0050,2025-02-27,CUS-018,Nisha Bansal,Small Business,Ahmedabad,West,PRD-003,USB-C Hub,Electronics,1,1899,0.1,1709.1,1180,1180,529.1,Credit Card,Completed,Feb 2025,2025
ORD-0051,2025-02-24,CUS-011,Aditya Joshi,Corporate,Pune,West,PRD-010,Travel Backpack,Fashion,1,2199,0.05,2089.05,1380,1380,709.05,Credit Card,Completed,Feb 2025,2025
ORD-0052,2025-04-15,CUS-067,Kabir Khan 4,Consumer,Jaipur,North,PRD-012,Stainless Water Bottle,Lifestyle,4,799,0.0,3196.0,410,1640,1556.0,Cash on Delivery,Completed,Apr 2025,2025
ORD-0053,2025-08-18,CUS-033,Rahul Mishra 2,Small Business,Lucknow,North,PRD-009,Table Lamp,Home & Kitchen,5,1499,0.0,0.0,920,0,0.0,Debit Card,Returned,Aug 2025,2025
ORD-0054,2025-10-27,CUS-028,Meera Nair 2,Consumer,Mumbai,West,PRD-012,Stainless Water Bottle,Lifestyle,3,799,0.0,0.0,410,0,0.0,Net Banking,Cancelled,Oct 2025,2025
ORD-0055,2025-03-19,CUS-006,Isha Mehta,Small Business,Pune,West,PRD-010,Travel Backpack,Fashion,5,2199,0.0,10995.0,1380,6900,4095.0,Cash on Delivery,Completed,Mar 2025,2025
ORD-0056,2025-03-14,CUS-054,Neha Rao 3,Small Business,Bengaluru,South,PRD-003,USB-C Hub,Electronics,4,1899,0.05,0.0,1180,0,0.0,Credit Card,Returned,Mar 2025,2025
ORD-0057,2025-05-05,CUS-023,Vihaan Singh 2,Corporate,Chennai,South,PRD-010,Travel Backpack,Fashion,1,2199,0.05,0.0,1380,0,0.0,Credit Card,Returned,May 2025,2025
ORD-0058,2025-12-01,CUS-074,Neha Rao 4,Corporate,Chennai,South,PRD-010,Travel Backpack,Fashion,5,2199,0.05,10445.25,1380,6900,3545.25,Net Banking,Completed,Dec 2025,2025
ORD-0059,2025-07-14,CUS-024,Ananya Gupta 2,Small Business,Chennai,South,PRD-003,USB-C Hub,Electronics,5,1899,0.0,0.0,1180,0,0.0,Cash on Delivery,Returned,Jul 2025,2025
ORD-0060,2025-06-29,CUS-045,Arjun Verma 3,Small Business,Bengaluru,South,PRD-007,Electric Kettle,Home & Kitchen,2,1699,0.0,3398.0,1040,2080,1318.0,Debit Card,Completed,Jun 2025,2025
ORD-0061,2025-03-08,CUS-070,Saanvi Iyer 4,Consumer,Ahmedabad,West,PRD-002,Bluetooth Headphones,Electronics,2,2499,0.0,0.0,1620,0,0.0,UPI,Returned,Mar 2025,2025
ORD-0062,2025-07-19,CUS-001,Aarav Sharma,Consumer,Kolkata,East,PRD-008,Storage Container Set,Home & Kitchen,5,999,0.1,4495.5,580,2900,1595.5,Debit Card,Completed,Jul 2025,2025
ORD-0063,2025-10-03,CUS-020,Kavya Reddy,Corporate,Pune,West,PRD-004,Laptop Stand,Office Supplies,5,1299,0.1,5845.5,760,3800,2045.5,Credit Card,Completed,Oct 2025,2025
ORD-0064,2025-04-11,CUS-030,Saanvi Iyer 2,Small Business,Chennai,South,PRD-005,Executive Notebook,Office Supplies,4,349,0.0,1396.0,170,680,716.0,Net Banking,Completed,Apr 2025,2025
ORD-0065,2025-02-28,CUS-038,Nisha Bansal 2,Corporate,Pune,West,PRD-009,Table Lamp,Home & Kitchen,5,1499,0.0,7495.0,920,4600,2895.0,Net Banking,Completed,Feb 2025,2025
ORD-0066,2025-06-29,CUS-032,Priya Kapoor 2,Corporate,Hyderabad,South,PRD-012,Stainless Water Bottle,Lifestyle,2,799,0.0,0.0,410,0,0.0,Net Banking,Cancelled,Jun 2025,2025
ORD-0067,2025-08-22,CUS-034,Neha Rao 2,Consumer,Hyderabad,South,PRD-006,Desk Organiser,Office Supplies,1,699,0.1,629.1,390,390,239.1,Debit Card,Completed,Aug 2025,2025
ORD-0068,2025-07-14,CUS-076,Pooja Saxena 4,Consumer,Jaipur,North,PRD-012,Stainless Water Bottle,Lifestyle,4,799,0.1,2876.4,410,1640,1236.4,UPI,Completed,Jul 2025,2025
ORD-0069,2025-04-28,CUS-061,Aarav Sharma 4,Consumer,Hyderabad,South,PRD-002,Bluetooth Headphones,Electronics,2,2499,0.05,4748.1,1620,3240,1508.1,Credit Card,Completed,Apr 2025,2025
ORD-0070,2025-05-31,CUS-070,Saanvi Iyer 4,Consumer,Hyderabad,South,PRD-005,Executive Notebook,Office Supplies,2,349,0.15,593.3,170,340,253.3,Cash on Delivery,Completed,May 2025,2025
ORD-0071,2025-10-11,CUS-071,Aditya Joshi 4,Corporate,Mumbai,West,PRD-009,Table Lamp,Home & Kitchen,2,1499,0.0,2998.0,920,1840,1158.0,Cash on Delivery,Completed,Oct 2025,2025
ORD-0072,2025-12-20,CUS-045,Arjun Verma 3,Small Business,Jaipur,North,PRD-008,Storage Container Set,Home & Kitchen,3,999,0.15,2547.45,580,1740,807.45,Net Banking,Completed,Dec 2025,2025
ORD-0073,2025-11-01,CUS-031,Aditya Joshi 2,Consumer,Mumbai,West,PRD-006,Desk Organiser,Office Supplies,1,699,0.2,559.2,390,390,169.2,Credit Card,Completed,Nov 2025,2025
ORD-0074,2025-10-08,CUS-069,Rohan Das 4,Small Business,Ahmedabad,West,PRD-002,Bluetooth Headphones,Electronics,1,2499,0.05,2374.05,1620,1620,754.05,Cash on Delivery,Completed,Oct 2025,2025
ORD-0075,2025-09-27,CUS-034,Neha Rao 2,Consumer,Jaipur,North,PRD-010,Travel Backpack,Fashion,5,2199,0.0,10995.0,1380,6900,4095.0,UPI,Completed,Sep 2025,2025
ORD-0076,2025-08-20,CUS-072,Priya Kapoor 4,Small Business,Bengaluru,South,PRD-001,Wireless Mouse,Electronics,2,899,0.15,1528.3,540,1080,448.3,Net Banking,Completed,Aug 2025,2025
ORD-0077,2025-12-11,CUS-045,Arjun Verma 3,Small Business,Chennai,South,PRD-005,Executive Notebook,Office Supplies,2,349,0.05,663.1,170,340,323.1,Debit Card,Completed,Dec 2025,2025
ORD-0078,2025-09-25,CUS-010,Saanvi Iyer,Consumer,Jaipur,North,PRD-011,Classic Wallet,Fashion,4,1199,0.2,0.0,690,0,0.0,Net Banking,Cancelled,Sep 2025,2025
ORD-0079,2025-02-28,CUS-046,Isha Mehta 3,Consumer,Mumbai,West,PRD-010,Travel Backpack,Fashion,4,2199,0.05,0.0,1380,0,0.0,Cash on Delivery,Returned,Feb 2025,2025
ORD-0080,2025-06-04,CUS-073,Rahul Mishra 4,Consumer,Bengaluru,South,PRD-004,Laptop Stand,Office Supplies,5,1299,0.0,0.0,760,0,0.0,Debit Card,Cancelled,Jun 2025,2025
ORD-0081,2025-06-27,CUS-048,Meera Nair 3,Small Business,Chennai,South,PRD-008,Storage Container Set,Home & Kitchen,1,999,0.2,799.2,580,580,219.2,Cash on Delivery,Completed,Jun 2025,2025
ORD-0082,2025-09-04,CUS-075,Karan Malhotra 4,Small Business,Chennai,South,PRD-007,Electric Kettle,Home & Kitchen,5,1699,0.0,0.0,1040,0,0.0,UPI,Returned,Sep 2025,2025
ORD-0083,2025-07-14,CUS-035,Karan Malhotra 2,Corporate,Kolkata,East,PRD-002,Bluetooth Headphones,Electronics,4,2499,0.1,0.0,1620,0,0.0,Cash on Delivery,Returned,Jul 2025,2025
ORD-0084,2025-07-22,CUS-042,Diya Patel 3,Small Business,Bengaluru,South,PRD-001,Wireless Mouse,Electronics,1,899,0.0,899.0,540,540,359.0,Cash on Delivery,Completed,Jul 2025,2025
ORD-0085,2025-03-03,CUS-052,Priya Kapoor 3,Consumer,Kolkata,East,PRD-005,Executive Notebook,Office Supplies,4,349,0.2,1116.8,170,680,436.8,UPI,Completed,Mar 2025,2025
ORD-0086,2025-10-10,CUS-016,Pooja Saxena,Consumer,Chennai,South,PRD-008,Storage Container Set,Home & Kitchen,4,999,0.0,0.0,580,0,0.0,Debit Card,Cancelled,Oct 2025,2025
ORD-0087,2025-02-12,CUS-039,Siddharth Jain 2,Small Business,Pune,West,PRD-012,Stainless Water Bottle,Lifestyle,2,799,0.2,0.0,410,0,0.0,Credit Card,Cancelled,Feb 2025,2025
ORD-0088,2025-10-15,CUS-017,Vikram Yadav,Corporate,Delhi,North,PRD-007,Electric Kettle,Home & Kitchen,1,1699,0.05,1614.05,1040,1040,574.05,Credit Card,Completed,Oct 2025,2025
ORD-0089,2025-08-12,CUS-044,Ananya Gupta 3,Corporate,Jaipur,North,PRD-001,Wireless Mouse,Electronics,4,899,0.2,2876.8,540,2160,716.8,UPI,Completed,Aug 2025,2025
ORD-0090,2025-12-29,CUS-054,Neha Rao 3,Small Business,Kolkata,East,PRD-007,Electric Kettle,Home & Kitchen,3,1699,0.2,0.0,1040,0,0.0,Net Banking,Returned,Dec 2025,2025
ORD-0091,2025-09-20,CUS-079,Siddharth Jain 4,Consumer,Bengaluru,South,PRD-008,Storage Container Set,Home & Kitchen,1,999,0.15,0.0,580,0,0.0,Cash on Delivery,Returned,Sep 2025,2025
ORD-0092,2025-11-06,CUS-014,Neha Rao,Corporate,Kolkata,East,PRD-012,Stainless Water Bottle,Lifestyle,2,799,0.15,0.0,410,0,0.0,UPI,Cancelled,Nov 2025,2025
ORD-0093,2025-01-11,CUS-037,Vikram Yadav 2,Consumer,Hyderabad,South,PRD-001,Wireless Mouse,Electronics,2,899,0.15,1528.3,540,1080,448.3,Cash on Delivery,Completed,Jan 2025,2025
ORD-0094,2025-10-17,CUS-064,Ananya Gupta 4,Consumer,Lucknow,North,PRD-004,Laptop Stand,Office Supplies,1,1299,0.0,0.0,760,0,0.0,Cash on Delivery,Cancelled,Oct 2025,2025
ORD-0095,2025-02-05,CUS-051,Aditya Joshi 3,Small Business,Mumbai,West,PRD-006,Desk Organiser,Office Supplies,1,699,0.05,0.0,390,0,0.0,Net Banking,Cancelled,Feb 2025,2025
ORD-0096,2025-09-09,CUS-074,Neha Rao 4,Corporate,Lucknow,North,PRD-003,USB-C Hub,Electronics,4,1899,0.2,6076.8,1180,4720,1356.8,Net Banking,Completed,Sep 2025,2025
ORD-0097,2025-01-07,CUS-058,Nisha Bansal 3,Consumer,Jaipur,North,PRD-002,Bluetooth Headphones,Electronics,1,2499,0.05,2374.05,1620,1620,754.05,Cash on Delivery,Completed,Jan 2025,2025
ORD-0098,2025-07-21,CUS-019,Siddharth Jain,Consumer,Kolkata,East,PRD-007,Electric Kettle,Home & Kitchen,1,1699,0.1,1529.1,1040,1040,489.1,Debit Card,Completed,Jul 2025,2025
ORD-0099,2025-07-13,CUS-015,Karan Malhotra,Small Business,Jaipur,North,PRD-009,Table Lamp,Home & Kitchen,2,1499,0.2,2398.4,920,1840,558.4,Cash on Delivery,Completed,Jul 2025,2025
ORD-0100,2025-08-14,CUS-023,Vihaan Singh 2,Corporate,Bengaluru,South,PRD-003,USB-C Hub,Electronics,3,1899,0.05,0.0,1180,0,0.0,Net Banking,Cancelled,Aug 2025,2025
ORD-0101,2025-02-18,CUS-033,Rahul Mishra 2,Small Business,Chennai,South,PRD-009,Table Lamp,Home & Kitchen,1,1499,0.15,0.0,920,0,0.0,UPI,Cancelled,Feb 2025,2025
ORD-0102,2025-03-03,CUS-017,Vikram Yadav,Corporate,Jaipur,North,PRD-007,Electric Kettle,Home & Kitchen,1,1699,0.15,0.0,1040,0,0.0,UPI,Returned,Mar 2025,2025
ORD-0103,2025-01-10,CUS-048,Meera Nair 3,Small Business,Jaipur,North,PRD-011,Classic Wallet,Fashion,3,1199,0.15,3057.45,690,2070,987.45,Cash on Delivery,Completed,Jan 2025,2025
ORD-0104,2025-05-03,CUS-076,Pooja Saxena 4,Consumer,Ahmedabad,West,PRD-011,Classic Wallet,Fashion,5,1199,0.0,0.0,690,0,0.0,UPI,Returned,May 2025,2025
ORD-0105,2025-03-25,CUS-025,Arjun Verma 2,Consumer,Delhi,North,PRD-008,Storage Container Set,Home & Kitchen,2,999,0.05,1898.1,580,1160,738.1,Debit Card,Completed,Mar 2025,2025
ORD-0106,2025-07-14,CUS-074,Neha Rao 4,Corporate,Delhi,North,PRD-005,Executive Notebook,Office Supplies,5,349,0.0,1745.0,170,850,895.0,Credit Card,Completed,Jul 2025,2025
ORD-0107,2025-07-26,CUS-061,Aarav Sharma 4,Consumer,Delhi,North,PRD-002,Bluetooth Headphones,Electronics,4,2499,0.15,8496.6,1620,6480,2016.6,Debit Card,Completed,Jul 2025,2025
ORD-0108,2025-06-15,CUS-060,Kavya Reddy 3,Small Business,Jaipur,North,PRD-012,Stainless Water Bottle,Lifestyle,3,799,0.05,2277.15,410,1230,1047.15,Credit Card,Completed,Jun 2025,2025
ORD-0109,2025-07-02,CUS-047,Kabir Khan 3,Corporate,Bengaluru,South,PRD-002,Bluetooth Headphones,Electronics,1,2499,0.05,2374.05,1620,1620,754.05,Cash on Delivery,Completed,Jul 2025,2025
ORD-0110,2025-11-16,CUS-032,Priya Kapoor 2,Corporate,Jaipur,North,PRD-012,Stainless Water Bottle,Lifestyle,1,799,0.0,0.0,410,0,0.0,Net Banking,Returned,Nov 2025,2025
ORD-0111,2025-08-11,CUS-021,Aarav Sharma 2,Small Business,Mumbai,West,PRD-007,Electric Kettle,Home & Kitchen,2,1699,0.15,2888.3,1040,2080,808.3,Cash on Delivery,Completed,Aug 2025,2025
ORD-0112,2025-01-25,CUS-029,Rohan Das 2,Corporate,Ahmedabad,West,PRD-002,Bluetooth Headphones,Electronics,2,2499,0.0,4998.0,1620,3240,1758.0,Net Banking,Completed,Jan 2025,2025
ORD-0113,2025-01-27,CUS-043,Vihaan Singh 3,Consumer,Kolkata,East,PRD-001,Wireless Mouse,Electronics,3,899,0.15,0.0,540,0,0.0,Net Banking,Returned,Jan 2025,2025
ORD-0114,2025-09-15,CUS-061,Aarav Sharma 4,Consumer,Mumbai,West,PRD-006,Desk Organiser,Office Supplies,4,699,0.0,2796.0,390,1560,1236.0,Cash on Delivery,Completed,Sep 2025,2025
ORD-0115,2025-08-21,CUS-068,Meera Nair 4,Corporate,Bengaluru,South,PRD-004,Laptop Stand,Office Supplies,3,1299,0.2,3117.6,760,2280,837.6,Net Banking,Completed,Aug 2025,2025
ORD-0116,2025-03-19,CUS-071,Aditya Joshi 4,Corporate,Ahmedabad,West,PRD-007,Electric Kettle,Home & Kitchen,4,1699,0.0,6796.0,1040,4160,2636.0,Debit Card,Completed,Mar 2025,2025
ORD-0117,2025-05-08,CUS-019,Siddharth Jain,Consumer,Bengaluru,South,PRD-010,Travel Backpack,Fashion,3,2199,0.0,6597.0,1380,4140,2457.0,UPI,Completed,May 2025,2025
ORD-0118,2025-12-11,CUS-063,Vihaan Singh 4,Small Business,Pune,West,PRD-008,Storage Container Set,Home & Kitchen,4,999,0.05,0.0,580,0,0.0,Credit Card,Returned,Dec 2025,2025
ORD-0119,2025-10-25,CUS-058,Nisha Bansal 3,Consumer,Bengaluru,South,PRD-009,Table Lamp,Home & Kitchen,2,1499,0.0,2998.0,920,1840,1158.0,Cash on Delivery,Completed,Oct 2025,2025
ORD-0120,2025-05-27,CUS-060,Kavya Reddy 3,Small Business,Bengaluru,South,PRD-005,Executive Notebook,Office Supplies,2,349,0.1,628.2,170,340,288.2,Credit Card,Completed,May 2025,2025
ORD-0121,2025-02-15,CUS-016,Pooja Saxena,Consumer,Ahmedabad,West,PRD-004,Laptop Stand,Office Supplies,1,1299,0.0,1299.0,760,760,539.0,Debit Card,Completed,Feb 2025,2025
ORD-0122,2025-05-15,CUS-044,Ananya Gupta 3,Corporate,Chennai,South,PRD-003,USB-C Hub,Electronics,4,1899,0.2,6076.8,1180,4720,1356.8,Credit Card,Completed,May 2025,2025
ORD-0123,2025-10-18,CUS-015,Karan Malhotra,Small Business,Lucknow,North,PRD-002,Bluetooth Headphones,Electronics,1,2499,0.05,2374.05,1620,1620,754.05,UPI,Completed,Oct 2025,2025
ORD-0124,2025-12-10,CUS-005,Arjun Verma,Corporate,Hyderabad,South,PRD-010,Travel Backpack,Fashion,4,2199,0.05,0.0,1380,0,0.0,Debit Card,Cancelled,Dec 2025,2025
ORD-0125,2025-05-24,CUS-024,Ananya Gupta 2,Small Business,Jaipur,North,PRD-008,Storage Container Set,Home & Kitchen,3,999,0.15,2547.45,580,1740,807.45,Cash on Delivery,Completed,May 2025,2025
ORD-0126,2025-11-09,CUS-074,Neha Rao 4,Corporate,Mumbai,West,PRD-011,Classic Wallet,Fashion,5,1199,0.2,0.0,690,0,0.0,Credit Card,Cancelled,Nov 2025,2025
ORD-0127,2025-02-18,CUS-077,Vikram Yadav 4,Corporate,Mumbai,West,PRD-003,USB-C Hub,Electronics,1,1899,0.15,1614.15,1180,1180,434.15,Cash on Delivery,Completed,Feb 2025,2025
ORD-0128,2025-08-26,CUS-014,Neha Rao,Corporate,Bengaluru,South,PRD-010,Travel Backpack,Fashion,5,2199,0.1,9895.5,1380,6900,2995.5,Cash on Delivery,Completed,Aug 2025,2025
ORD-0129,2025-09-07,CUS-030,Saanvi Iyer 2,Small Business,Kolkata,East,PRD-006,Desk Organiser,Office Supplies,2,699,0.1,1258.2,390,780,478.2,Cash on Delivery,Completed,Sep 2025,2025
ORD-0130,2025-09-07,CUS-059,Siddharth Jain 3,Corporate,Ahmedabad,West,PRD-001,Wireless Mouse,Electronics,2,899,0.0,1798.0,540,1080,718.0,Net Banking,Completed,Sep 2025,2025
ORD-0131,2025-07-07,CUS-030,Saanvi Iyer 2,Small Business,Hyderabad,South,PRD-010,Travel Backpack,Fashion,5,2199,0.05,10445.25,1380,6900,3545.25,Debit Card,Completed,Jul 2025,2025
ORD-0132,2025-03-21,CUS-052,Priya Kapoor 3,Consumer,Bengaluru,South,PRD-010,Travel Backpack,Fashion,2,2199,0.05,4178.1,1380,2760,1418.1,Cash on Delivery,Completed,Mar 2025,2025
ORD-0133,2025-06-01,CUS-023,Vihaan Singh 2,Corporate,Pune,West,PRD-006,Desk Organiser,Office Supplies,2,699,0.2,0.0,390,0,0.0,Net Banking,Returned,Jun 2025,2025
ORD-0134,2025-10-05,CUS-019,Siddharth Jain,Consumer,Jaipur,North,PRD-002,Bluetooth Headphones,Electronics,1,2499,0.1,0.0,1620,0,0.0,UPI,Returned,Oct 2025,2025
ORD-0135,2025-09-22,CUS-032,Priya Kapoor 2,Corporate,Mumbai,West,PRD-004,Laptop Stand,Office Supplies,3,1299,0.15,0.0,760,0,0.0,UPI,Cancelled,Sep 2025,2025
ORD-0136,2025-09-14,CUS-040,Kavya Reddy 2,Consumer,Lucknow,North,PRD-001,Wireless Mouse,Electronics,4,899,0.0,3596.0,540,2160,1436.0,Debit Card,Completed,Sep 2025,2025
ORD-0137,2025-07-06,CUS-080,Kavya Reddy 4,Corporate,Lucknow,North,PRD-001,Wireless Mouse,Electronics,1,899,0.05,854.05,540,540,314.05,UPI,Completed,Jul 2025,2025
ORD-0138,2025-05-04,CUS-063,Vihaan Singh 4,Small Business,Lucknow,North,PRD-010,Travel Backpack,Fashion,1,2199,0.0,2199.0,1380,1380,819.0,Credit Card,Completed,May 2025,2025
ORD-0139,2025-12-07,CUS-011,Aditya Joshi,Corporate,Delhi,North,PRD-003,USB-C Hub,Electronics,3,1899,0.05,0.0,1180,0,0.0,Debit Card,Cancelled,Dec 2025,2025
ORD-0140,2025-01-31,CUS-020,Kavya Reddy,Corporate,Kolkata,East,PRD-008,Storage Container Set,Home & Kitchen,3,999,0.1,0.0,580,0,0.0,Net Banking,Returned,Jan 2025,2025
ORD-0141,2025-04-24,CUS-039,Siddharth Jain 2,Small Business,Delhi,North,PRD-012,Stainless Water Bottle,Lifestyle,3,799,0.1,0.0,410,0,0.0,Net Banking,Returned,Apr 2025,2025
ORD-0142,2025-03-24,CUS-006,Isha Mehta,Small Business,Bengaluru,South,PRD-010,Travel Backpack,Fashion,1,2199,0.0,2199.0,1380,1380,819.0,Credit Card,Completed,Mar 2025,2025
ORD-0143,2025-06-04,CUS-032,Priya Kapoor 2,Corporate,Hyderabad,South,PRD-001,Wireless Mouse,Electronics,1,899,0.1,0.0,540,0,0.0,Cash on Delivery,Cancelled,Jun 2025,2025
ORD-0144,2025-09-05,CUS-065,Arjun Verma 4,Corporate,Ahmedabad,West,PRD-007,Electric Kettle,Home & Kitchen,4,1699,0.0,6796.0,1040,4160,2636.0,Net Banking,Completed,Sep 2025,2025
ORD-0145,2025-09-01,CUS-026,Isha Mehta 2,Corporate,Ahmedabad,West,PRD-005,Executive Notebook,Office Supplies,3,349,0.1,942.3,170,510,432.3,Debit Card,Completed,Sep 2025,2025
ORD-0146,2025-08-29,CUS-009,Rohan Das,Small Business,Lucknow,North,PRD-008,Storage Container Set,Home & Kitchen,5,999,0.0,4995.0,580,2900,2095.0,Debit Card,Completed,Aug 2025,2025
ORD-0147,2025-10-14,CUS-067,Kabir Khan 4,Consumer,Kolkata,East,PRD-007,Electric Kettle,Home & Kitchen,3,1699,0.15,0.0,1040,0,0.0,Credit Card,Cancelled,Oct 2025,2025
ORD-0148,2025-11-13,CUS-044,Ananya Gupta 3,Corporate,Jaipur,North,PRD-005,Executive Notebook,Office Supplies,4,349,0.0,1396.0,170,680,716.0,Net Banking,Completed,Nov 2025,2025
ORD-0149,2025-08-18,CUS-056,Pooja Saxena 3,Corporate,Hyderabad,South,PRD-011,Classic Wallet,Fashion,4,1199,0.2,3836.8,690,2760,1076.8,UPI,Completed,Aug 2025,2025
ORD-0150,2025-03-30,CUS-015,Karan Malhotra,Small Business,Jaipur,North,PRD-006,Desk Organiser,Office Supplies,2,699,0.0,1398.0,390,780,618.0,Debit Card,Completed,Mar 2025,2025
ORD-0151,2025-02-04,CUS-042,Diya Patel 3,Small Business,Mumbai,West,PRD-005,Executive Notebook,Office Supplies,1,349,0.0,349.0,170,170,179.0,Credit Card,Completed,Feb 2025,2025
ORD-0152,2025-03-28,CUS-002,Diya Patel,Corporate,Pune,West,PRD-003,USB-C Hub,Electronics,2,1899,0.2,0.0,1180,0,0.0,Credit Card,Cancelled,Mar 2025,2025
ORD-0153,2025-03-01,CUS-030,Saanvi Iyer 2,Small Business,Lucknow,North,PRD-002,Bluetooth Headphones,Electronics,2,2499,0.2,0.0,1620,0,0.0,Cash on Delivery,Returned,Mar 2025,2025
ORD-0154,2025-05-10,CUS-066,Isha Mehta 4,Small Business,Jaipur,North,PRD-001,Wireless Mouse,Electronics,4,899,0.0,3596.0,540,2160,1436.0,Net Banking,Completed,May 2025,2025
ORD-0155,2025-12-17,CUS-017,Vikram Yadav,Corporate,Chennai,South,PRD-004,Laptop Stand,Office Supplies,1,1299,0.0,1299.0,760,760,539.0,Cash on Delivery,Completed,Dec 2025,2025
ORD-0156,2025-07-21,CUS-021,Aarav Sharma 2,Small Business,Kolkata,East,PRD-004,Laptop Stand,Office Supplies,2,1299,0.0,2598.0,760,1520,1078.0,Debit Card,Completed,Jul 2025,2025
ORD-0157,2025-11-27,CUS-075,Karan Malhotra 4,Small Business,Ahmedabad,West,PRD-007,Electric Kettle,Home & Kitchen,1,1699,0.1,1529.1,1040,1040,489.1,Cash on Delivery,Completed,Nov 2025,2025
ORD-0158,2025-05-07,CUS-073,Rahul Mishra 4,Consumer,Jaipur,North,PRD-007,Electric Kettle,Home & Kitchen,5,1699,0.0,0.0,1040,0,0.0,Debit Card,Cancelled,May 2025,2025
ORD-0159,2025-06-20,CUS-065,Arjun Verma 4,Corporate,Chennai,South,PRD-001,Wireless Mouse,Electronics,2,899,0.05,1708.1,540,1080,628.1,Net Banking,Completed,Jun 2025,2025
ORD-0160,2025-04-18,CUS-042,Diya Patel 3,Small Business,Kolkata,East,PRD-006,Desk Organiser,Office Supplies,5,699,0.2,2796.0,390,1950,846.0,UPI,Completed,Apr 2025,2025
ORD-0161,2025-07-13,CUS-041,Aarav Sharma 3,Corporate,Delhi,North,PRD-008,Storage Container Set,Home & Kitchen,2,999,0.2,1598.4,580,1160,438.4,Net Banking,Completed,Jul 2025,2025
ORD-0162,2025-12-24,CUS-041,Aarav Sharma 3,Corporate,Delhi,North,PRD-012,Stainless Water Bottle,Lifestyle,1,799,0.15,679.15,410,410,269.15,Net Banking,Completed,Dec 2025,2025
ORD-0163,2025-02-20,CUS-047,Kabir Khan 3,Corporate,Bengaluru,South,PRD-005,Executive Notebook,Office Supplies,4,349,0.1,0.0,170,0,0.0,Cash on Delivery,Cancelled,Feb 2025,2025
ORD-0164,2025-09-25,CUS-043,Vihaan Singh 3,Consumer,Mumbai,West,PRD-004,Laptop Stand,Office Supplies,5,1299,0.1,5845.5,760,3800,2045.5,Debit Card,Completed,Sep 2025,2025
ORD-0165,2025-07-20,CUS-001,Aarav Sharma,Consumer,Pune,West,PRD-006,Desk Organiser,Office Supplies,5,699,0.15,2970.75,390,1950,1020.75,UPI,Completed,Jul 2025,2025
ORD-0166,2025-04-09,CUS-067,Kabir Khan 4,Consumer,Pune,West,PRD-006,Desk Organiser,Office Supplies,5,699,0.2,2796.0,390,1950,846.0,Credit Card,Completed,Apr 2025,2025
ORD-0167,2025-03-19,CUS-076,Pooja Saxena 4,Consumer,Delhi,North,PRD-004,Laptop Stand,Office Supplies,1,1299,0.05,0.0,760,0,0.0,Debit Card,Returned,Mar 2025,2025
ORD-0168,2025-12-14,CUS-028,Meera Nair 2,Consumer,Pune,West,PRD-011,Classic Wallet,Fashion,2,1199,0.15,0.0,690,0,0.0,Cash on Delivery,Returned,Dec 2025,2025
ORD-0169,2025-12-01,CUS-077,Vikram Yadav 4,Corporate,Chennai,South,PRD-001,Wireless Mouse,Electronics,4,899,0.0,3596.0,540,2160,1436.0,Debit Card,Completed,Dec 2025,2025
ORD-0170,2025-10-06,CUS-036,Pooja Saxena 2,Small Business,Pune,West,PRD-005,Executive Notebook,Office Supplies,2,349,0.0,0.0,170,0,0.0,Cash on Delivery,Returned,Oct 2025,2025
ORD-0171,2025-11-16,CUS-020,Kavya Reddy,Corporate,Ahmedabad,West,PRD-010,Travel Backpack,Fashion,4,2199,0.05,0.0,1380,0,0.0,Credit Card,Returned,Nov 2025,2025
ORD-0172,2025-06-12,CUS-077,Vikram Yadav 4,Corporate,Mumbai,West,PRD-010,Travel Backpack,Fashion,1,2199,0.0,2199.0,1380,1380,819.0,Net Banking,Completed,Jun 2025,2025
ORD-0173,2025-04-05,CUS-078,Nisha Bansal 4,Small Business,Ahmedabad,West,PRD-011,Classic Wallet,Fashion,3,1199,0.2,2877.6,690,2070,807.6,Debit Card,Completed,Apr 2025,2025
ORD-0174,2025-08-20,CUS-067,Kabir Khan 4,Consumer,Pune,West,PRD-002,Bluetooth Headphones,Electronics,1,2499,0.0,2499.0,1620,1620,879.0,UPI,Completed,Aug 2025,2025
ORD-0175,2025-05-13,CUS-028,Meera Nair 2,Consumer,Delhi,North,PRD-002,Bluetooth Headphones,Electronics,2,2499,0.05,4748.1,1620,3240,1508.1,Credit Card,Completed,May 2025,2025
ORD-0176,2025-06-15,CUS-031,Aditya Joshi 2,Consumer,Hyderabad,South,PRD-002,Bluetooth Headphones,Electronics,1,2499,0.1,0.0,1620,0,0.0,Cash on Delivery,Returned,Jun 2025,2025
ORD-0177,2025-05-09,CUS-018,Nisha Bansal,Small Business,Bengaluru,South,PRD-002,Bluetooth Headphones,Electronics,5,2499,0.2,0.0,1620,0,0.0,Net Banking,Cancelled,May 2025,2025
ORD-0178,2025-02-10,CUS-073,Rahul Mishra 4,Consumer,Ahmedabad,West,PRD-011,Classic Wallet,Fashion,5,1199,0.05,5695.25,690,3450,2245.25,Cash on Delivery,Completed,Feb 2025,2025
ORD-0179,2025-04-15,CUS-066,Isha Mehta 4,Small Business,Hyderabad,South,PRD-007,Electric Kettle,Home & Kitchen,2,1699,0.0,3398.0,1040,2080,1318.0,Credit Card,Completed,Apr 2025,2025
ORD-0180,2025-05-22,CUS-033,Rahul Mishra 2,Small Business,Mumbai,West,PRD-008,Storage Container Set,Home & Kitchen,1,999,0.0,999.0,580,580,419.0,UPI,Completed,May 2025,2025
ORD-0181,2025-10-14,CUS-009,Rohan Das,Small Business,Ahmedabad,West,PRD-010,Travel Backpack,Fashion,2,2199,0.1,3958.2,1380,2760,1198.2,Net Banking,Completed,Oct 2025,2025
ORD-0182,2025-09-05,CUS-025,Arjun Verma 2,Consumer,Pune,West,PRD-007,Electric Kettle,Home & Kitchen,1,1699,0.15,1444.15,1040,1040,404.15,Credit Card,Completed,Sep 2025,2025
ORD-0183,2025-03-23,CUS-035,Karan Malhotra 2,Corporate,Jaipur,North,PRD-011,Classic Wallet,Fashion,4,1199,0.2,3836.8,690,2760,1076.8,UPI,Completed,Mar 2025,2025
ORD-0184,2025-05-04,CUS-080,Kavya Reddy 4,Corporate,Ahmedabad,West,PRD-004,Laptop Stand,Office Supplies,1,1299,0.2,1039.2,760,760,279.2,Net Banking,Completed,May 2025,2025
ORD-0185,2025-07-30,CUS-026,Isha Mehta 2,Corporate,Lucknow,North,PRD-011,Classic Wallet,Fashion,1,1199,0.15,0.0,690,0,0.0,Cash on Delivery,Cancelled,Jul 2025,2025
ORD-0186,2025-02-03,CUS-039,Siddharth Jain 2,Small Business,Jaipur,North,PRD-007,Electric Kettle,Home & Kitchen,2,1699,0.05,3228.1,1040,2080,1148.1,Credit Card,Completed,Feb 2025,2025
ORD-0187,2025-08-17,CUS-016,Pooja Saxena,Consumer,Delhi,North,PRD-003,USB-C Hub,Electronics,2,1899,0.05,0.0,1180,0,0.0,Net Banking,Returned,Aug 2025,2025
ORD-0188,2025-10-13,CUS-016,Pooja Saxena,Consumer,Mumbai,West,PRD-006,Desk Organiser,Office Supplies,5,699,0.0,3495.0,390,1950,1545.0,Debit Card,Completed,Oct 2025,2025
ORD-0189,2025-01-28,CUS-022,Diya Patel 2,Consumer,Lucknow,North,PRD-007,Electric Kettle,Home & Kitchen,4,1699,0.0,6796.0,1040,4160,2636.0,Debit Card,Completed,Jan 2025,2025
ORD-0190,2025-06-10,CUS-015,Karan Malhotra,Small Business,Jaipur,North,PRD-002,Bluetooth Headphones,Electronics,2,2499,0.0,0.0,1620,0,0.0,UPI,Returned,Jun 2025,2025
ORD-0191,2025-03-27,CUS-069,Rohan Das 4,Small Business,Delhi,North,PRD-009,Table Lamp,Home & Kitchen,5,1499,0.1,6745.5,920,4600,2145.5,Debit Card,Completed,Mar 2025,2025
ORD-0192,2025-03-02,CUS-037,Vikram Yadav 2,Consumer,Delhi,North,PRD-012,Stainless Water Bottle,Lifestyle,4,799,0.2,2556.8,410,1640,916.8,UPI,Completed,Mar 2025,2025
ORD-0193,2025-05-25,CUS-015,Karan Malhotra,Small Business,Ahmedabad,West,PRD-003,USB-C Hub,Electronics,3,1899,0.2,0.0,1180,0,0.0,Cash on Delivery,Cancelled,May 2025,2025
ORD-0194,2025-03-31,CUS-002,Diya Patel,Corporate,Jaipur,North,PRD-001,Wireless Mouse,Electronics,1,899,0.05,0.0,540,0,0.0,Cash on Delivery,Cancelled,Mar 2025,2025
ORD-0195,2025-10-03,CUS-030,Saanvi Iyer 2,Small Business,Hyderabad,South,PRD-004,Laptop Stand,Office Supplies,4,1299,0.2,4156.8,760,3040,1116.8,UPI,Completed,Oct 2025,2025
ORD-0196,2025-10-10,CUS-006,Isha Mehta,Small Business,Jaipur,North,PRD-007,Electric Kettle,Home & Kitchen,2,1699,0.0,3398.0,1040,2080,1318.0,Cash on Delivery,Completed,Oct 2025,2025
ORD-0197,2025-05-24,CUS-032,Priya Kapoor 2,Corporate,Kolkata,East,PRD-006,Desk Organiser,Office Supplies,1,699,0.0,699.0,390,390,309.0,Cash on Delivery,Completed,May 2025,2025
ORD-0198,2025-02-25,CUS-037,Vikram Yadav 2,Consumer,Chennai,South,PRD-005,Executive Notebook,Office Supplies,5,349,0.15,1483.25,170,850,633.25,UPI,Completed,Feb 2025,2025
ORD-0199,2025-12-17,CUS-022,Diya Patel 2,Consumer,Jaipur,North,PRD-004,Laptop Stand,Office Supplies,4,1299,0.05,4936.2,760,3040,1896.2,Debit Card,Completed,Dec 2025,2025
ORD-0200,2025-08-27,CUS-036,Pooja Saxena 2,Small Business,Pune,West,PRD-007,Electric Kettle,Home & Kitchen,4,1699,0.0,0.0,1040,0,0.0,Credit Card,Returned,Aug 2025,2025
ORD-0201,2025-07-01,CUS-012,Priya Kapoor,Small Business,Hyderabad,South,PRD-011,Classic Wallet,Fashion,3,1199,0.15,3057.45,690,2070,987.45,Credit Card,Completed,Jul 2025,2025
ORD-0202,2025-09-16,CUS-058,Nisha Bansal 3,Consumer,Pune,West,PRD-003,USB-C Hub,Electronics,3,1899,0.2,0.0,1180,0,0.0,Cash on Delivery,Cancelled,Sep 2025,2025
ORD-0203,2025-04-17,CUS-024,Ananya Gupta 2,Small Business,Hyderabad,South,PRD-006,Desk Organiser,Office Supplies,1,699,0.1,0.0,390,0,0.0,Cash on Delivery,Returned,Apr 2025,2025
ORD-0204,2025-06-24,CUS-025,Arjun Verma 2,Consumer,Pune,West,PRD-010,Travel Backpack,Fashion,2,2199,0.15,3738.3,1380,2760,978.3,Cash on Delivery,Completed,Jun 2025,2025
ORD-0205,2025-02-09,CUS-057,Vikram Yadav 3,Small Business,Bengaluru,South,PRD-007,Electric Kettle,Home & Kitchen,2,1699,0.2,2718.4,1040,2080,638.4,Cash on Delivery,Completed,Feb 2025,2025
ORD-0206,2025-06-19,CUS-069,Rohan Das 4,Small Business,Hyderabad,South,PRD-001,Wireless Mouse,Electronics,4,899,0.2,0.0,540,0,0.0,Debit Card,Returned,Jun 2025,2025
ORD-0207,2025-12-13,CUS-009,Rohan Das,Small Business,Kolkata,East,PRD-011,Classic Wallet,Fashion,3,1199,0.1,3237.3,690,2070,1167.3,Cash on Delivery,Completed,Dec 2025,2025
ORD-0208,2025-09-08,CUS-048,Meera Nair 3,Small Business,Bengaluru,South,PRD-007,Electric Kettle,Home & Kitchen,5,1699,0.0,8495.0,1040,5200,3295.0,UPI,Completed,Sep 2025,2025
ORD-0209,2025-06-11,CUS-004,Ananya Gupta,Consumer,Ahmedabad,West,PRD-008,Storage Container Set,Home & Kitchen,5,999,0.2,0.0,580,0,0.0,Net Banking,Returned,Jun 2025,2025
ORD-0210,2025-06-01,CUS-021,Aarav Sharma 2,Small Business,Jaipur,North,PRD-001,Wireless Mouse,Electronics,3,899,0.0,2697.0,540,1620,1077.0,Cash on Delivery,Completed,Jun 2025,2025
ORD-0211,2025-04-17,CUS-049,Rohan Das 3,Consumer,Chennai,South,PRD-010,Travel Backpack,Fashion,2,2199,0.05,0.0,1380,0,0.0,Net Banking,Cancelled,Apr 2025,2025
ORD-0212,2025-02-11,CUS-068,Meera Nair 4,Corporate,Jaipur,North,PRD-010,Travel Backpack,Fashion,3,2199,0.05,6267.15,1380,4140,2127.15,Debit Card,Completed,Feb 2025,2025
ORD-0213,2025-10-09,CUS-032,Priya Kapoor 2,Corporate,Jaipur,North,PRD-012,Stainless Water Bottle,Lifestyle,2,799,0.0,0.0,410,0,0.0,Credit Card,Returned,Oct 2025,2025
ORD-0214,2025-10-30,CUS-024,Ananya Gupta 2,Small Business,Jaipur,North,PRD-012,Stainless Water Bottle,Lifestyle,1,799,0.0,0.0,410,0,0.0,Cash on Delivery,Returned,Oct 2025,2025
ORD-0215,2025-01-03,CUS-024,Ananya Gupta 2,Small Business,Kolkata,East,PRD-011,Classic Wallet,Fashion,2,1199,0.05,0.0,690,0,0.0,UPI,Returned,Jan 2025,2025
ORD-0216,2025-03-10,CUS-005,Arjun Verma,Corporate,Pune,West,PRD-009,Table Lamp,Home & Kitchen,1,1499,0.1,1349.1,920,920,429.1,Cash on Delivery,Completed,Mar 2025,2025
ORD-0217,2025-09-23,CUS-041,Aarav Sharma 3,Corporate,Pune,West,PRD-008,Storage Container Set,Home & Kitchen,3,999,0.0,0.0,580,0,0.0,Cash on Delivery,Returned,Sep 2025,2025
ORD-0218,2025-09-08,CUS-001,Aarav Sharma,Consumer,Ahmedabad,West,PRD-002,Bluetooth Headphones,Electronics,4,2499,0.2,7996.8,1620,6480,1516.8,Credit Card,Completed,Sep 2025,2025
ORD-0219,2025-04-04,CUS-047,Kabir Khan 3,Corporate,Delhi,North,PRD-006,Desk Organiser,Office Supplies,2,699,0.2,0.0,390,0,0.0,UPI,Returned,Apr 2025,2025
ORD-0220,2025-09-25,CUS-027,Kabir Khan 2,Small Business,Lucknow,North,PRD-007,Electric Kettle,Home & Kitchen,2,1699,0.0,3398.0,1040,2080,1318.0,Debit Card,Completed,Sep 2025,2025
ORD-0221,2025-01-31,CUS-010,Saanvi Iyer,Consumer,Delhi,North,PRD-004,Laptop Stand,Office Supplies,4,1299,0.15,0.0,760,0,0.0,Net Banking,Returned,Jan 2025,2025
ORD-0222,2025-07-15,CUS-024,Ananya Gupta 2,Small Business,Hyderabad,South,PRD-012,Stainless Water Bottle,Lifestyle,1,799,0.2,639.2,410,410,229.2,Credit Card,Completed,Jul 2025,2025
ORD-0223,2025-03-08,CUS-075,Karan Malhotra 4,Small Business,Lucknow,North,PRD-011,Classic Wallet,Fashion,1,1199,0.05,1139.05,690,690,449.05,Debit Card,Completed,Mar 2025,2025
ORD-0224,2025-10-10,CUS-071,Aditya Joshi 4,Corporate,Mumbai,West,PRD-008,Storage Container Set,Home & Kitchen,3,999,0.15,2547.45,580,1740,807.45,UPI,Completed,Oct 2025,2025
ORD-0225,2025-10-26,CUS-053,Rahul Mishra 3,Corporate,Bengaluru,South,PRD-003,USB-C Hub,Electronics,2,1899,0.0,3798.0,1180,2360,1438.0,Debit Card,Completed,Oct 2025,2025
ORD-0226,2025-11-07,CUS-064,Ananya Gupta 4,Consumer,Mumbai,West,PRD-002,Bluetooth Headphones,Electronics,1,2499,0.0,0.0,1620,0,0.0,Cash on Delivery,Returned,Nov 2025,2025
ORD-0227,2025-01-03,CUS-044,Ananya Gupta 3,Corporate,Hyderabad,South,PRD-008,Storage Container Set,Home & Kitchen,2,999,0.05,0.0,580,0,0.0,UPI,Returned,Jan 2025,2025
ORD-0228,2025-01-18,CUS-013,Rahul Mishra,Consumer,Pune,West,PRD-002,Bluetooth Headphones,Electronics,5,2499,0.2,0.0,1620,0,0.0,Debit Card,Returned,Jan 2025,2025
ORD-0229,2025-08-25,CUS-006,Isha Mehta,Small Business,Lucknow,North,PRD-012,Stainless Water Bottle,Lifestyle,2,799,0.05,0.0,410,0,0.0,UPI,Returned,Aug 2025,2025
ORD-0230,2025-12-03,CUS-022,Diya Patel 2,Consumer,Ahmedabad,West,PRD-009,Table Lamp,Home & Kitchen,5,1499,0.05,7120.25,920,4600,2520.25,Cash on Delivery,Completed,Dec 2025,2025
ORD-0231,2025-11-09,CUS-043,Vihaan Singh 3,Consumer,Pune,West,PRD-005,Executive Notebook,Office Supplies,1,349,0.2,279.2,170,170,109.2,Net Banking,Completed,Nov 2025,2025
ORD-0232,2025-11-23,CUS-044,Ananya Gupta 3,Corporate,Kolkata,East,PRD-010,Travel Backpack,Fashion,3,2199,0.1,5937.3,1380,4140,1797.3,Net Banking,Completed,Nov 2025,2025
ORD-0233,2025-03-16,CUS-024,Ananya Gupta 2,Small Business,Mumbai,West,PRD-010,Travel Backpack,Fashion,4,2199,0.1,0.0,1380,0,0.0,Credit Card,Returned,Mar 2025,2025
ORD-0234,2025-12-17,CUS-052,Priya Kapoor 3,Consumer,Kolkata,East,PRD-006,Desk Organiser,Office Supplies,2,699,0.0,0.0,390,0,0.0,Net Banking,Returned,Dec 2025,2025
ORD-0235,2025-08-18,CUS-005,Arjun Verma,Corporate,Hyderabad,South,PRD-002,Bluetooth Headphones,Electronics,3,2499,0.0,7497.0,1620,4860,2637.0,Credit Card,Completed,Aug 2025,2025
ORD-0236,2025-09-20,CUS-025,Arjun Verma 2,Consumer,Delhi,North,PRD-012,Stainless Water Bottle,Lifestyle,2,799,0.05,1518.1,410,820,698.1,Cash on Delivery,Completed,Sep 2025,2025
ORD-0237,2025-11-07,CUS-012,Priya Kapoor,Small Business,Hyderabad,South,PRD-001,Wireless Mouse,Electronics,5,899,0.0,0.0,540,0,0.0,Net Banking,Returned,Nov 2025,2025
ORD-0238,2025-11-09,CUS-062,Diya Patel 4,Corporate,Bengaluru,South,PRD-012,Stainless Water Bottle,Lifestyle,5,799,0.15,0.0,410,0,0.0,Credit Card,Returned,Nov 2025,2025
ORD-0239,2025-09-15,CUS-057,Vikram Yadav 3,Small Business,Ahmedabad,West,PRD-010,Travel Backpack,Fashion,3,2199,0.2,0.0,1380,0,0.0,Credit Card,Cancelled,Sep 2025,2025
ORD-0240,2025-04-25,CUS-079,Siddharth Jain 4,Consumer,Lucknow,North,PRD-007,Electric Kettle,Home & Kitchen,3,1699,0.15,4332.45,1040,3120,1212.45,Cash on Delivery,Completed,Apr 2025,2025
ORD-0241,2025-02-18,CUS-035,Karan Malhotra 2,Corporate,Ahmedabad,West,PRD-007,Electric Kettle,Home & Kitchen,4,1699,0.2,5436.8,1040,4160,1276.8,Net Banking,Completed,Feb 2025,2025
ORD-0242,2025-09-23,CUS-025,Arjun Verma 2,Consumer,Chennai,South,PRD-009,Table Lamp,Home & Kitchen,3,1499,0.05,4272.15,920,2760,1512.15,UPI,Completed,Sep 2025,2025
ORD-0243,2025-04-01,CUS-015,Karan Malhotra,Small Business,Ahmedabad,West,PRD-003,USB-C Hub,Electronics,1,1899,0.0,1899.0,1180,1180,719.0,Debit Card,Completed,Apr 2025,2025
ORD-0244,2025-09-04,CUS-049,Rohan Das 3,Consumer,Mumbai,West,PRD-005,Executive Notebook,Office Supplies,3,349,0.1,942.3,170,510,432.3,UPI,Completed,Sep 2025,2025
ORD-0245,2025-12-12,CUS-020,Kavya Reddy,Corporate,Chennai,South,PRD-012,Stainless Water Bottle,Lifestyle,5,799,0.05,3795.25,410,2050,1745.25,UPI,Completed,Dec 2025,2025
ORD-0246,2025-07-19,CUS-033,Rahul Mishra 2,Small Business,Lucknow,North,PRD-009,Table Lamp,Home & Kitchen,4,1499,0.2,4796.8,920,3680,1116.8,UPI,Completed,Jul 2025,2025
ORD-0247,2025-09-01,CUS-051,Aditya Joshi 3,Small Business,Ahmedabad,West,PRD-005,Executive Notebook,Office Supplies,3,349,0.05,0.0,170,0,0.0,Credit Card,Returned,Sep 2025,2025
ORD-0248,2025-08-03,CUS-049,Rohan Das 3,Consumer,Delhi,North,PRD-005,Executive Notebook,Office Supplies,4,349,0.0,1396.0,170,680,716.0,Cash on Delivery,Completed,Aug 2025,2025
ORD-0249,2025-10-08,CUS-020,Kavya Reddy,Corporate,Chennai,South,PRD-006,Desk Organiser,Office Supplies,2,699,0.15,0.0,390,0,0.0,Credit Card,Cancelled,Oct 2025,2025
ORD-0250,2025-05-07,CUS-030,Saanvi Iyer 2,Small Business,Bengaluru,South,PRD-003,USB-C Hub,Electronics,2,1899,0.05,0.0,1180,0,0.0,UPI,Cancelled,May 2025,2025
ORD-0251,2025-02-01,CUS-001,Aarav Sharma,Consumer,Hyderabad,South,PRD-010,Travel Backpack,Fashion,4,2199,0.05,0.0,1380,0,0.0,Net Banking,Cancelled,Feb 2025,2025
ORD-0252,2025-12-22,CUS-055,Karan Malhotra 3,Consumer,Hyderabad,South,PRD-002,Bluetooth Headphones,Electronics,4,2499,0.05,9496.2,1620,6480,3016.2,Debit Card,Completed,Dec 2025,2025
ORD-0253,2025-06-13,CUS-069,Rohan Das 4,Small Business,Delhi,North,PRD-007,Electric Kettle,Home & Kitchen,5,1699,0.05,8070.25,1040,5200,2870.25,Cash on Delivery,Completed,Jun 2025,2025
ORD-0254,2025-08-01,CUS-022,Diya Patel 2,Consumer,Kolkata,East,PRD-009,Table Lamp,Home & Kitchen,2,1499,0.2,0.0,920,0,0.0,Credit Card,Returned,Aug 2025,2025
ORD-0255,2025-05-02,CUS-061,Aarav Sharma 4,Consumer,Hyderabad,South,PRD-008,Storage Container Set,Home & Kitchen,2,999,0.1,0.0,580,0,0.0,Credit Card,Cancelled,May 2025,2025
ORD-0256,2025-12-29,CUS-049,Rohan Das 3,Consumer,Jaipur,North,PRD-009,Table Lamp,Home & Kitchen,3,1499,0.0,4497.0,920,2760,1737.0,Cash on Delivery,Completed,Dec 2025,2025
ORD-0257,2025-11-02,CUS-028,Meera Nair 2,Consumer,Chennai,South,PRD-012,Stainless Water Bottle,Lifestyle,2,799,0.15,0.0,410,0,0.0,Debit Card,Cancelled,Nov 2025,2025
ORD-0258,2025-05-31,CUS-007,Kabir Khan,Consumer,Hyderabad,South,PRD-002,Bluetooth Headphones,Electronics,4,2499,0.0,9996.0,1620,6480,3516.0,UPI,Completed,May 2025,2025
ORD-0259,2025-07-13,CUS-010,Saanvi Iyer,Consumer,Hyderabad,South,PRD-006,Desk Organiser,Office Supplies,4,699,0.0,0.0,390,0,0.0,Debit Card,Returned,Jul 2025,2025
ORD-0260,2025-05-11,CUS-004,Ananya Gupta,Consumer,Hyderabad,South,PRD-010,Travel Backpack,Fashion,3,2199,0.0,6597.0,1380,4140,2457.0,Credit Card,Completed,May 2025,2025
ORD-0261,2025-05-23,CUS-012,Priya Kapoor,Small Business,Lucknow,North,PRD-008,Storage Container Set,Home & Kitchen,4,999,0.05,3796.2,580,2320,1476.2,UPI,Completed,May 2025,2025
ORD-0262,2025-10-20,CUS-041,Aarav Sharma 3,Corporate,Jaipur,North,PRD-010,Travel Backpack,Fashion,3,2199,0.15,5607.45,1380,4140,1467.45,Net Banking,Completed,Oct 2025,2025
ORD-0263,2025-12-18,CUS-018,Nisha Bansal,Small Business,Bengaluru,South,PRD-009,Table Lamp,Home & Kitchen,4,1499,0.0,5996.0,920,3680,2316.0,Debit Card,Completed,Dec 2025,2025
ORD-0264,2025-04-23,CUS-059,Siddharth Jain 3,Corporate,Lucknow,North,PRD-011,Classic Wallet,Fashion,5,1199,0.05,5695.25,690,3450,2245.25,Debit Card,Completed,Apr 2025,2025
ORD-0265,2025-02-22,CUS-073,Rahul Mishra 4,Consumer,Mumbai,West,PRD-006,Desk Organiser,Office Supplies,2,699,0.0,1398.0,390,780,618.0,Credit Card,Completed,Feb 2025,2025
ORD-0266,2025-03-25,CUS-016,Pooja Saxena,Consumer,Ahmedabad,West,PRD-003,USB-C Hub,Electronics,4,1899,0.2,6076.8,1180,4720,1356.8,Credit Card,Completed,Mar 2025,2025
ORD-0267,2025-01-31,CUS-073,Rahul Mishra 4,Consumer,Jaipur,North,PRD-007,Electric Kettle,Home & Kitchen,4,1699,0.2,0.0,1040,0,0.0,UPI,Returned,Jan 2025,2025
ORD-0268,2025-05-05,CUS-075,Karan Malhotra 4,Small Business,Hyderabad,South,PRD-010,Travel Backpack,Fashion,5,2199,0.1,0.0,1380,0,0.0,UPI,Returned,May 2025,2025
ORD-0269,2025-09-06,CUS-031,Aditya Joshi 2,Consumer,Ahmedabad,West,PRD-008,Storage Container Set,Home & Kitchen,5,999,0.0,4995.0,580,2900,2095.0,UPI,Completed,Sep 2025,2025
ORD-0270,2025-05-30,CUS-050,Saanvi Iyer 3,Corporate,Pune,West,PRD-002,Bluetooth Headphones,Electronics,2,2499,0.15,4248.3,1620,3240,1008.3,Cash on Delivery,Completed,May 2025,2025
ORD-0271,2025-09-08,CUS-042,Diya Patel 3,Small Business,Kolkata,East,PRD-001,Wireless Mouse,Electronics,4,899,0.2,2876.8,540,2160,716.8,Cash on Delivery,Completed,Sep 2025,2025
ORD-0272,2025-07-08,CUS-003,Vihaan Singh,Small Business,Lucknow,North,PRD-003,USB-C Hub,Electronics,2,1899,0.15,0.0,1180,0,0.0,Net Banking,Returned,Jul 2025,2025
ORD-0273,2025-08-09,CUS-022,Diya Patel 2,Consumer,Hyderabad,South,PRD-001,Wireless Mouse,Electronics,1,899,0.05,854.05,540,540,314.05,Credit Card,Completed,Aug 2025,2025
ORD-0274,2025-10-11,CUS-033,Rahul Mishra 2,Small Business,Hyderabad,South,PRD-009,Table Lamp,Home & Kitchen,5,1499,0.1,6745.5,920,4600,2145.5,UPI,Completed,Oct 2025,2025
ORD-0275,2025-04-19,CUS-026,Isha Mehta 2,Corporate,Pune,West,PRD-003,USB-C Hub,Electronics,2,1899,0.15,3228.3,1180,2360,868.3,Debit Card,Completed,Apr 2025,2025
ORD-0276,2025-11-03,CUS-064,Ananya Gupta 4,Consumer,Lucknow,North,PRD-006,Desk Organiser,Office Supplies,3,699,0.1,1887.3,390,1170,717.3,UPI,Completed,Nov 2025,2025
ORD-0277,2025-01-11,CUS-051,Aditya Joshi 3,Small Business,Jaipur,North,PRD-011,Classic Wallet,Fashion,3,1199,0.0,3597.0,690,2070,1527.0,UPI,Completed,Jan 2025,2025
ORD-0278,2025-02-07,CUS-041,Aarav Sharma 3,Corporate,Delhi,North,PRD-010,Travel Backpack,Fashion,4,2199,0.0,8796.0,1380,5520,3276.0,UPI,Completed,Feb 2025,2025
ORD-0279,2025-02-05,CUS-010,Saanvi Iyer,Consumer,Jaipur,North,PRD-011,Classic Wallet,Fashion,5,1199,0.1,0.0,690,0,0.0,Net Banking,Cancelled,Feb 2025,2025
ORD-0280,2025-11-23,CUS-050,Saanvi Iyer 3,Corporate,Jaipur,North,PRD-006,Desk Organiser,Office Supplies,3,699,0.0,2097.0,390,1170,927.0,Cash on Delivery,Completed,Nov 2025,2025
ORD-0281,2025-12-26,CUS-028,Meera Nair 2,Consumer,Jaipur,North,PRD-005,Executive Notebook,Office Supplies,5,349,0.05,1657.75,170,850,807.75,Net Banking,Completed,Dec 2025,2025
ORD-0282,2025-05-28,CUS-053,Rahul Mishra 3,Corporate,Delhi,North,PRD-012,Stainless Water Bottle,Lifestyle,3,799,0.05,2277.15,410,1230,1047.15,Credit Card,Completed,May 2025,2025
ORD-0283,2025-01-24,CUS-012,Priya Kapoor,Small Business,Mumbai,West,PRD-008,Storage Container Set,Home & Kitchen,3,999,0.1,0.0,580,0,0.0,Cash on Delivery,Returned,Jan 2025,2025
ORD-0284,2025-11-03,CUS-011,Aditya Joshi,Corporate,Jaipur,North,PRD-008,Storage Container Set,Home & Kitchen,3,999,0.1,2697.3,580,1740,957.3,Cash on Delivery,Completed,Nov 2025,2025
ORD-0285,2025-05-27,CUS-015,Karan Malhotra,Small Business,Mumbai,West,PRD-009,Table Lamp,Home & Kitchen,1,1499,0.0,1499.0,920,920,579.0,Credit Card,Completed,May 2025,2025
ORD-0286,2025-01-28,CUS-030,Saanvi Iyer 2,Small Business,Mumbai,West,PRD-011,Classic Wallet,Fashion,1,1199,0.0,1199.0,690,690,509.0,Net Banking,Completed,Jan 2025,2025
ORD-0287,2025-04-25,CUS-072,Priya Kapoor 4,Small Business,Delhi,North,PRD-007,Electric Kettle,Home & Kitchen,5,1699,0.15,0.0,1040,0,0.0,Credit Card,Cancelled,Apr 2025,2025
ORD-0288,2025-01-02,CUS-069,Rohan Das 4,Small Business,Hyderabad,South,PRD-001,Wireless Mouse,Electronics,4,899,0.15,3056.6,540,2160,896.6,Net Banking,Completed,Jan 2025,2025
ORD-0289,2025-10-01,CUS-049,Rohan Das 3,Consumer,Jaipur,North,PRD-011,Classic Wallet,Fashion,1,1199,0.0,1199.0,690,690,509.0,Cash on Delivery,Completed,Oct 2025,2025
ORD-0290,2025-01-19,CUS-029,Rohan Das 2,Corporate,Kolkata,East,PRD-007,Electric Kettle,Home & Kitchen,5,1699,0.1,0.0,1040,0,0.0,Debit Card,Returned,Jan 2025,2025
ORD-0291,2025-07-26,CUS-070,Saanvi Iyer 4,Consumer,Jaipur,North,PRD-004,Laptop Stand,Office Supplies,5,1299,0.15,5520.75,760,3800,1720.75,UPI,Completed,Jul 2025,2025
ORD-0292,2025-12-06,CUS-025,Arjun Verma 2,Consumer,Pune,West,PRD-002,Bluetooth Headphones,Electronics,4,2499,0.1,0.0,1620,0,0.0,Debit Card,Returned,Dec 2025,2025
ORD-0293,2025-04-21,CUS-034,Neha Rao 2,Consumer,Ahmedabad,West,PRD-010,Travel Backpack,Fashion,3,2199,0.0,6597.0,1380,4140,2457.0,Net Banking,Completed,Apr 2025,2025
ORD-0294,2025-01-30,CUS-068,Meera Nair 4,Corporate,Ahmedabad,West,PRD-002,Bluetooth Headphones,Electronics,5,2499,0.1,11245.5,1620,8100,3145.5,Net Banking,Completed,Jan 2025,2025
ORD-0295,2025-05-19,CUS-033,Rahul Mishra 2,Small Business,Hyderabad,South,PRD-002,Bluetooth Headphones,Electronics,3,2499,0.0,7497.0,1620,4860,2637.0,Credit Card,Completed,May 2025,2025
ORD-0296,2025-12-14,CUS-072,Priya Kapoor 4,Small Business,Bengaluru,South,PRD-009,Table Lamp,Home & Kitchen,5,1499,0.0,7495.0,920,4600,2895.0,Credit Card,Completed,Dec 2025,2025
ORD-0297,2025-01-27,CUS-055,Karan Malhotra 3,Consumer,Bengaluru,South,PRD-003,USB-C Hub,Electronics,5,1899,0.0,9495.0,1180,5900,3595.0,Net Banking,Completed,Jan 2025,2025
ORD-0298,2025-11-20,CUS-023,Vihaan Singh 2,Corporate,Delhi,North,PRD-008,Storage Container Set,Home & Kitchen,2,999,0.2,1598.4,580,1160,438.4,Debit Card,Completed,Nov 2025,2025
ORD-0299,2025-01-07,CUS-069,Rohan Das 4,Small Business,Jaipur,North,PRD-002,Bluetooth Headphones,Electronics,4,2499,0.2,7996.8,1620,6480,1516.8,Cash on Delivery,Completed,Jan 2025,2025
ORD-0300,2025-06-08,CUS-078,Nisha Bansal 4,Small Business,Jaipur,North,PRD-011,Classic Wallet,Fashion,2,1199,0.2,1918.4,690,1380,538.4,Cash on Delivery,Completed,Jun 2025,2025
ORD-0301,2025-03-12,CUS-050,Saanvi Iyer 3,Corporate,Bengaluru,South,PRD-003,USB-C Hub,Electronics,2,1899,0.2,3038.4,1180,2360,678.4,Debit Card,Completed,Mar 2025,2025
ORD-0302,2025-11-25,CUS-039,Siddharth Jain 2,Small Business,Bengaluru,South,PRD-003,USB-C Hub,Electronics,3,1899,0.15,4842.45,1180,3540,1302.45,Debit Card,Completed,Nov 2025,2025
ORD-0303,2025-12-07,CUS-056,Pooja Saxena 3,Corporate,Chennai,South,PRD-009,Table Lamp,Home & Kitchen,3,1499,0.2,3597.6,920,2760,837.6,Cash on Delivery,Completed,Dec 2025,2025
ORD-0304,2025-07-28,CUS-070,Saanvi Iyer 4,Consumer,Mumbai,West,PRD-006,Desk Organiser,Office Supplies,2,699,0.1,0.0,390,0,0.0,Net Banking,Returned,Jul 2025,2025
ORD-0305,2025-10-23,CUS-013,Rahul Mishra,Consumer,Kolkata,East,PRD-012,Stainless Water Bottle,Lifestyle,2,799,0.2,0.0,410,0,0.0,Credit Card,Returned,Oct 2025,2025
ORD-0306,2025-10-11,CUS-053,Rahul Mishra 3,Corporate,Hyderabad,South,PRD-001,Wireless Mouse,Electronics,4,899,0.2,2876.8,540,2160,716.8,Credit Card,Completed,Oct 2025,2025
ORD-0307,2025-02-06,CUS-051,Aditya Joshi 3,Small Business,Pune,West,PRD-003,USB-C Hub,Electronics,2,1899,0.15,3228.3,1180,2360,868.3,Credit Card,Completed,Feb 2025,2025
ORD-0308,2025-10-06,CUS-015,Karan Malhotra,Small Business,Mumbai,West,PRD-008,Storage Container Set,Home & Kitchen,5,999,0.0,0.0,580,0,0.0,Debit Card,Cancelled,Oct 2025,2025
ORD-0309,2025-10-08,CUS-067,Kabir Khan 4,Consumer,Chennai,South,PRD-003,USB-C Hub,Electronics,1,1899,0.2,1519.2,1180,1180,339.2,Debit Card,Completed,Oct 2025,2025
ORD-0310,2025-01-18,CUS-037,Vikram Yadav 2,Consumer,Lucknow,North,PRD-007,Electric Kettle,Home & Kitchen,2,1699,0.05,3228.1,1040,2080,1148.1,Net Banking,Completed,Jan 2025,2025
ORD-0311,2025-05-30,CUS-011,Aditya Joshi,Corporate,Jaipur,North,PRD-007,Electric Kettle,Home & Kitchen,3,1699,0.15,0.0,1040,0,0.0,UPI,Cancelled,May 2025,2025
ORD-0312,2025-11-24,CUS-036,Pooja Saxena 2,Small Business,Jaipur,North,PRD-002,Bluetooth Headphones,Electronics,2,2499,0.0,4998.0,1620,3240,1758.0,Debit Card,Completed,Nov 2025,2025
ORD-0313,2025-01-20,CUS-041,Aarav Sharma 3,Corporate,Chennai,South,PRD-003,USB-C Hub,Electronics,2,1899,0.05,0.0,1180,0,0.0,UPI,Cancelled,Jan 2025,2025
ORD-0314,2025-10-28,CUS-043,Vihaan Singh 3,Consumer,Delhi,North,PRD-012,Stainless Water Bottle,Lifestyle,4,799,0.0,3196.0,410,1640,1556.0,Cash on Delivery,Completed,Oct 2025,2025
ORD-0315,2025-12-14,CUS-033,Rahul Mishra 2,Small Business,Hyderabad,South,PRD-005,Executive Notebook,Office Supplies,3,349,0.1,0.0,170,0,0.0,Net Banking,Cancelled,Dec 2025,2025
ORD-0316,2025-09-24,CUS-044,Ananya Gupta 3,Corporate,Lucknow,North,PRD-006,Desk Organiser,Office Supplies,3,699,0.05,1992.15,390,1170,822.15,UPI,Completed,Sep 2025,2025
ORD-0317,2025-12-17,CUS-031,Aditya Joshi 2,Consumer,Kolkata,East,PRD-010,Travel Backpack,Fashion,3,2199,0.15,0.0,1380,0,0.0,Cash on Delivery,Returned,Dec 2025,2025
ORD-0318,2025-01-30,CUS-043,Vihaan Singh 3,Consumer,Kolkata,East,PRD-012,Stainless Water Bottle,Lifestyle,1,799,0.05,759.05,410,410,349.05,Debit Card,Completed,Jan 2025,2025
ORD-0319,2025-07-09,CUS-038,Nisha Bansal 2,Corporate,Delhi,North,PRD-008,Storage Container Set,Home & Kitchen,1,999,0.2,0.0,580,0,0.0,UPI,Returned,Jul 2025,2025
ORD-0320,2025-06-28,CUS-074,Neha Rao 4,Corporate,Kolkata,East,PRD-003,USB-C Hub,Electronics,1,1899,0.05,1804.05,1180,1180,624.05,Credit Card,Completed,Jun 2025,2025
ORD-0321,2025-10-29,CUS-022,Diya Patel 2,Consumer,Kolkata,East,PRD-012,Stainless Water Bottle,Lifestyle,4,799,0.1,2876.4,410,1640,1236.4,Net Banking,Completed,Oct 2025,2025
ORD-0322,2025-11-03,CUS-064,Ananya Gupta 4,Consumer,Mumbai,West,PRD-009,Table Lamp,Home & Kitchen,2,1499,0.0,0.0,920,0,0.0,Credit Card,Returned,Nov 2025,2025
ORD-0323,2025-04-11,CUS-052,Priya Kapoor 3,Consumer,Ahmedabad,West,PRD-001,Wireless Mouse,Electronics,4,899,0.0,0.0,540,0,0.0,UPI,Cancelled,Apr 2025,2025
ORD-0324,2025-01-29,CUS-022,Diya Patel 2,Consumer,Bengaluru,South,PRD-011,Classic Wallet,Fashion,5,1199,0.0,5995.0,690,3450,2545.0,Net Banking,Completed,Jan 2025,2025
ORD-0325,2025-05-11,CUS-066,Isha Mehta 4,Small Business,Lucknow,North,PRD-007,Electric Kettle,Home & Kitchen,4,1699,0.15,5776.6,1040,4160,1616.6,Net Banking,Completed,May 2025,2025
ORD-0326,2025-07-09,CUS-057,Vikram Yadav 3,Small Business,Hyderabad,South,PRD-005,Executive Notebook,Office Supplies,1,349,0.0,349.0,170,170,179.0,UPI,Completed,Jul 2025,2025
ORD-0327,2025-06-01,CUS-053,Rahul Mishra 3,Corporate,Ahmedabad,West,PRD-006,Desk Organiser,Office Supplies,5,699,0.1,3145.5,390,1950,1195.5,Cash on Delivery,Completed,Jun 2025,2025
ORD-0328,2025-01-22,CUS-007,Kabir Khan,Consumer,Mumbai,West,PRD-003,USB-C Hub,Electronics,2,1899,0.0,3798.0,1180,2360,1438.0,Net Banking,Completed,Jan 2025,2025
ORD-0329,2025-05-19,CUS-033,Rahul Mishra 2,Small Business,Delhi,North,PRD-004,Laptop Stand,Office Supplies,5,1299,0.0,6495.0,760,3800,2695.0,Cash on Delivery,Completed,May 2025,2025
ORD-0330,2025-10-27,CUS-023,Vihaan Singh 2,Corporate,Hyderabad,South,PRD-006,Desk Organiser,Office Supplies,3,699,0.0,2097.0,390,1170,927.0,Credit Card,Completed,Oct 2025,2025
ORD-0331,2025-06-24,CUS-039,Siddharth Jain 2,Small Business,Lucknow,North,PRD-001,Wireless Mouse,Electronics,4,899,0.1,0.0,540,0,0.0,Cash on Delivery,Cancelled,Jun 2025,2025
ORD-0332,2025-05-26,CUS-054,Neha Rao 3,Small Business,Chennai,South,PRD-011,Classic Wallet,Fashion,4,1199,0.1,4316.4,690,2760,1556.4,Debit Card,Completed,May 2025,2025
ORD-0333,2025-08-11,CUS-074,Neha Rao 4,Corporate,Jaipur,North,PRD-011,Classic Wallet,Fashion,4,1199,0.1,4316.4,690,2760,1556.4,UPI,Completed,Aug 2025,2025
ORD-0334,2025-12-21,CUS-050,Saanvi Iyer 3,Corporate,Delhi,North,PRD-011,Classic Wallet,Fashion,1,1199,0.2,959.2,690,690,269.2,Debit Card,Completed,Dec 2025,2025
ORD-0335,2025-05-31,CUS-075,Karan Malhotra 4,Small Business,Kolkata,East,PRD-006,Desk Organiser,Office Supplies,2,699,0.05,1328.1,390,780,548.1,Cash on Delivery,Completed,May 2025,2025
ORD-0336,2025-08-04,CUS-036,Pooja Saxena 2,Small Business,Pune,West,PRD-003,USB-C Hub,Electronics,2,1899,0.0,0.0,1180,0,0.0,UPI,Returned,Aug 2025,2025
ORD-0337,2025-01-16,CUS-064,Ananya Gupta 4,Consumer,Ahmedabad,West,PRD-008,Storage Container Set,Home & Kitchen,3,999,0.1,2697.3,580,1740,957.3,Debit Card,Completed,Jan 2025,2025
ORD-0338,2025-02-17,CUS-061,Aarav Sharma 4,Consumer,Jaipur,North,PRD-003,USB-C Hub,Electronics,3,1899,0.15,4842.45,1180,3540,1302.45,Credit Card,Completed,Feb 2025,2025
ORD-0339,2025-12-27,CUS-067,Kabir Khan 4,Consumer,Kolkata,East,PRD-004,Laptop Stand,Office Supplies,3,1299,0.2,3117.6,760,2280,837.6,Net Banking,Completed,Dec 2025,2025
ORD-0340,2025-06-03,CUS-041,Aarav Sharma 3,Corporate,Hyderabad,South,PRD-012,Stainless Water Bottle,Lifestyle,2,799,0.0,0.0,410,0,0.0,Cash on Delivery,Cancelled,Jun 2025,2025
ORD-0341,2025-03-30,CUS-028,Meera Nair 2,Consumer,Pune,West,PRD-003,USB-C Hub,Electronics,5,1899,0.1,8545.5,1180,5900,2645.5,Debit Card,Completed,Mar 2025,2025
ORD-0342,2025-02-26,CUS-041,Aarav Sharma 3,Corporate,Chennai,South,PRD-003,USB-C Hub,Electronics,2,1899,0.0,3798.0,1180,2360,1438.0,UPI,Completed,Feb 2025,2025
ORD-0343,2025-01-01,CUS-002,Diya Patel,Corporate,Hyderabad,South,PRD-010,Travel Backpack,Fashion,3,2199,0.0,6597.0,1380,4140,2457.0,Net Banking,Completed,Jan 2025,2025
ORD-0344,2025-02-11,CUS-030,Saanvi Iyer 2,Small Business,Ahmedabad,West,PRD-008,Storage Container Set,Home & Kitchen,4,999,0.2,3196.8,580,2320,876.8,UPI,Completed,Feb 2025,2025
ORD-0345,2025-04-20,CUS-048,Meera Nair 3,Small Business,Mumbai,West,PRD-008,Storage Container Set,Home & Kitchen,2,999,0.0,1998.0,580,1160,838.0,UPI,Completed,Apr 2025,2025
ORD-0346,2025-07-04,CUS-029,Rohan Das 2,Corporate,Ahmedabad,West,PRD-012,Stainless Water Bottle,Lifestyle,4,799,0.0,3196.0,410,1640,1556.0,Cash on Delivery,Completed,Jul 2025,2025
ORD-0347,2025-09-05,CUS-019,Siddharth Jain,Consumer,Kolkata,East,PRD-012,Stainless Water Bottle,Lifestyle,1,799,0.05,759.05,410,410,349.05,Net Banking,Completed,Sep 2025,2025
ORD-0348,2025-05-15,CUS-032,Priya Kapoor 2,Corporate,Pune,West,PRD-003,USB-C Hub,Electronics,3,1899,0.0,0.0,1180,0,0.0,Net Banking,Cancelled,May 2025,2025
ORD-0349,2025-09-12,CUS-023,Vihaan Singh 2,Corporate,Chennai,South,PRD-010,Travel Backpack,Fashion,4,2199,0.0,0.0,1380,0,0.0,Cash on Delivery,Returned,Sep 2025,2025
ORD-0350,2025-03-10,CUS-076,Pooja Saxena 4,Consumer,Mumbai,West,PRD-001,Wireless Mouse,Electronics,4,899,0.1,0.0,540,0,0.0,Debit Card,Cancelled,Mar 2025,2025
ORD-0351,2025-07-07,CUS-024,Ananya Gupta 2,Small Business,Pune,West,PRD-004,Laptop Stand,Office Supplies,3,1299,0.1,0.0,760,0,0.0,Net Banking,Cancelled,Jul 2025,2025
ORD-0352,2025-04-05,CUS-060,Kavya Reddy 3,Small Business,Chennai,South,PRD-002,Bluetooth Headphones,Electronics,5,2499,0.15,0.0,1620,0,0.0,Cash on Delivery,Cancelled,Apr 2025,2025
ORD-0353,2025-01-26,CUS-080,Kavya Reddy 4,Corporate,Pune,West,PRD-004,Laptop Stand,Office Supplies,4,1299,0.05,4936.2,760,3040,1896.2,UPI,Completed,Jan 2025,2025
ORD-0354,2025-01-31,CUS-030,Saanvi Iyer 2,Small Business,Mumbai,West,PRD-006,Desk Organiser,Office Supplies,5,699,0.1,0.0,390,0,0.0,Net Banking,Returned,Jan 2025,2025
ORD-0355,2025-10-08,CUS-057,Vikram Yadav 3,Small Business,Jaipur,North,PRD-005,Executive Notebook,Office Supplies,5,349,0.1,1570.5,170,850,720.5,Net Banking,Completed,Oct 2025,2025
ORD-0356,2025-09-11,CUS-019,Siddharth Jain,Consumer,Lucknow,North,PRD-010,Travel Backpack,Fashion,2,2199,0.15,0.0,1380,0,0.0,Debit Card,Cancelled,Sep 2025,2025
ORD-0357,2025-04-24,CUS-050,Saanvi Iyer 3,Corporate,Pune,West,PRD-007,Electric Kettle,Home & Kitchen,3,1699,0.2,0.0,1040,0,0.0,Debit Card,Cancelled,Apr 2025,2025
ORD-0358,2025-09-22,CUS-062,Diya Patel 4,Corporate,Chennai,South,PRD-001,Wireless Mouse,Electronics,3,899,0.05,2562.15,540,1620,942.15,Net Banking,Completed,Sep 2025,2025
ORD-0359,2025-05-05,CUS-065,Arjun Verma 4,Corporate,Delhi,North,PRD-004,Laptop Stand,Office Supplies,1,1299,0.15,0.0,760,0,0.0,UPI,Cancelled,May 2025,2025
ORD-0360,2025-12-20,CUS-071,Aditya Joshi 4,Corporate,Delhi,North,PRD-002,Bluetooth Headphones,Electronics,2,2499,0.2,3998.4,1620,3240,758.4,Net Banking,Completed,Dec 2025,2025
ORD-0361,2025-11-07,CUS-079,Siddharth Jain 4,Consumer,Lucknow,North,PRD-007,Electric Kettle,Home & Kitchen,5,1699,0.0,0.0,1040,0,0.0,Net Banking,Cancelled,Nov 2025,2025
ORD-0362,2025-12-18,CUS-061,Aarav Sharma 4,Consumer,Delhi,North,PRD-004,Laptop Stand,Office Supplies,1,1299,0.2,1039.2,760,760,279.2,Debit Card,Completed,Dec 2025,2025
ORD-0363,2025-08-08,CUS-076,Pooja Saxena 4,Consumer,Kolkata,East,PRD-005,Executive Notebook,Office Supplies,1,349,0.05,331.55,170,170,161.55,Credit Card,Completed,Aug 2025,2025
ORD-0364,2025-03-20,CUS-079,Siddharth Jain 4,Consumer,Chennai,South,PRD-009,Table Lamp,Home & Kitchen,5,1499,0.1,6745.5,920,4600,2145.5,UPI,Completed,Mar 2025,2025
ORD-0365,2025-03-10,CUS-065,Arjun Verma 4,Corporate,Hyderabad,South,PRD-009,Table Lamp,Home & Kitchen,3,1499,0.1,0.0,920,0,0.0,Cash on Delivery,Returned,Mar 2025,2025
ORD-0366,2025-10-13,CUS-077,Vikram Yadav 4,Corporate,Chennai,South,PRD-006,Desk Organiser,Office Supplies,4,699,0.0,2796.0,390,1560,1236.0,Credit Card,Completed,Oct 2025,2025
ORD-0367,2025-10-31,CUS-070,Saanvi Iyer 4,Consumer,Jaipur,North,PRD-005,Executive Notebook,Office Supplies,3,349,0.05,994.65,170,510,484.65,Net Banking,Completed,Oct 2025,2025
ORD-0368,2025-02-05,CUS-075,Karan Malhotra 4,Small Business,Delhi,North,PRD-001,Wireless Mouse,Electronics,3,899,0.15,0.0,540,0,0.0,Debit Card,Returned,Feb 2025,2025
ORD-0369,2025-10-16,CUS-009,Rohan Das,Small Business,Ahmedabad,West,PRD-010,Travel Backpack,Fashion,2,2199,0.0,4398.0,1380,2760,1638.0,Cash on Delivery,Completed,Oct 2025,2025
ORD-0370,2025-01-02,CUS-013,Rahul Mishra,Consumer,Mumbai,West,PRD-011,Classic Wallet,Fashion,1,1199,0.05,1139.05,690,690,449.05,Credit Card,Completed,Jan 2025,2025
ORD-0371,2025-07-28,CUS-045,Arjun Verma 3,Small Business,Bengaluru,South,PRD-012,Stainless Water Bottle,Lifestyle,2,799,0.05,1518.1,410,820,698.1,Debit Card,Completed,Jul 2025,2025
ORD-0372,2025-07-13,CUS-020,Kavya Reddy,Corporate,Chennai,South,PRD-009,Table Lamp,Home & Kitchen,3,1499,0.2,3597.6,920,2760,837.6,Net Banking,Completed,Jul 2025,2025
ORD-0373,2025-05-24,CUS-014,Neha Rao,Corporate,Jaipur,North,PRD-008,Storage Container Set,Home & Kitchen,1,999,0.05,949.05,580,580,369.05,UPI,Completed,May 2025,2025
ORD-0374,2025-04-28,CUS-051,Aditya Joshi 3,Small Business,Bengaluru,South,PRD-007,Electric Kettle,Home & Kitchen,5,1699,0.05,8070.25,1040,5200,2870.25,Debit Card,Completed,Apr 2025,2025
ORD-0375,2025-01-22,CUS-043,Vihaan Singh 3,Consumer,Ahmedabad,West,PRD-003,USB-C Hub,Electronics,2,1899,0.05,3608.1,1180,2360,1248.1,UPI,Completed,Jan 2025,2025
ORD-0376,2025-07-12,CUS-048,Meera Nair 3,Small Business,Jaipur,North,PRD-008,Storage Container Set,Home & Kitchen,4,999,0.0,3996.0,580,2320,1676.0,Cash on Delivery,Completed,Jul 2025,2025
ORD-0377,2025-02-13,CUS-036,Pooja Saxena 2,Small Business,Pune,West,PRD-012,Stainless Water Bottle,Lifestyle,3,799,0.15,2037.45,410,1230,807.45,Credit Card,Completed,Feb 2025,2025
ORD-0378,2025-09-18,CUS-046,Isha Mehta 3,Consumer,Chennai,South,PRD-010,Travel Backpack,Fashion,1,2199,0.15,1869.15,1380,1380,489.15,Credit Card,Completed,Sep 2025,2025
ORD-0379,2025-04-17,CUS-073,Rahul Mishra 4,Consumer,Kolkata,East,PRD-009,Table Lamp,Home & Kitchen,3,1499,0.0,4497.0,920,2760,1737.0,Net Banking,Completed,Apr 2025,2025
ORD-0380,2025-07-01,CUS-013,Rahul Mishra,Consumer,Hyderabad,South,PRD-009,Table Lamp,Home & Kitchen,4,1499,0.2,4796.8,920,3680,1116.8,UPI,Completed,Jul 2025,2025
ORD-0381,2025-07-30,CUS-058,Nisha Bansal 3,Consumer,Delhi,North,PRD-006,Desk Organiser,Office Supplies,4,699,0.0,2796.0,390,1560,1236.0,Net Banking,Completed,Jul 2025,2025
ORD-0382,2025-02-12,CUS-047,Kabir Khan 3,Corporate,Pune,West,PRD-010,Travel Backpack,Fashion,3,2199,0.0,6597.0,1380,4140,2457.0,Debit Card,Completed,Feb 2025,2025
ORD-0383,2025-05-04,CUS-062,Diya Patel 4,Corporate,Hyderabad,South,PRD-005,Executive Notebook,Office Supplies,2,349,0.2,0.0,170,0,0.0,Cash on Delivery,Returned,May 2025,2025
ORD-0384,2025-05-16,CUS-019,Siddharth Jain,Consumer,Delhi,North,PRD-009,Table Lamp,Home & Kitchen,1,1499,0.0,1499.0,920,920,579.0,Credit Card,Completed,May 2025,2025
ORD-0385,2025-07-25,CUS-009,Rohan Das,Small Business,Bengaluru,South,PRD-011,Classic Wallet,Fashion,3,1199,0.15,0.0,690,0,0.0,Net Banking,Cancelled,Jul 2025,2025
ORD-0386,2025-05-27,CUS-014,Neha Rao,Corporate,Lucknow,North,PRD-007,Electric Kettle,Home & Kitchen,4,1699,0.0,0.0,1040,0,0.0,Credit Card,Cancelled,May 2025,2025
ORD-0387,2025-01-14,CUS-071,Aditya Joshi 4,Corporate,Ahmedabad,West,PRD-004,Laptop Stand,Office Supplies,3,1299,0.2,3117.6,760,2280,837.6,Cash on Delivery,Completed,Jan 2025,2025
ORD-0388,2025-03-30,CUS-022,Diya Patel 2,Consumer,Delhi,North,PRD-010,Travel Backpack,Fashion,1,2199,0.15,1869.15,1380,1380,489.15,Cash on Delivery,Completed,Mar 2025,2025
ORD-0389,2025-11-24,CUS-079,Siddharth Jain 4,Consumer,Bengaluru,South,PRD-012,Stainless Water Bottle,Lifestyle,4,799,0.0,0.0,410,0,0.0,Cash on Delivery,Cancelled,Nov 2025,2025
ORD-0390,2025-03-06,CUS-068,Meera Nair 4,Corporate,Chennai,South,PRD-012,Stainless Water Bottle,Lifestyle,1,799,0.15,679.15,410,410,269.15,UPI,Completed,Mar 2025,2025
ORD-0391,2025-04-25,CUS-036,Pooja Saxena 2,Small Business,Mumbai,West,PRD-010,Travel Backpack,Fashion,5,2199,0.1,0.0,1380,0,0.0,Debit Card,Cancelled,Apr 2025,2025
ORD-0392,2025-06-25,CUS-026,Isha Mehta 2,Corporate,Kolkata,East,PRD-006,Desk Organiser,Office Supplies,2,699,0.05,0.0,390,0,0.0,UPI,Cancelled,Jun 2025,2025
ORD-0393,2025-07-18,CUS-045,Arjun Verma 3,Small Business,Ahmedabad,West,PRD-009,Table Lamp,Home & Kitchen,1,1499,0.05,0.0,920,0,0.0,Credit Card,Returned,Jul 2025,2025
ORD-0394,2025-10-04,CUS-006,Isha Mehta,Small Business,Mumbai,West,PRD-008,Storage Container Set,Home & Kitchen,1,999,0.15,849.15,580,580,269.15,Cash on Delivery,Completed,Oct 2025,2025
ORD-0395,2025-01-08,CUS-018,Nisha Bansal,Small Business,Delhi,North,PRD-009,Table Lamp,Home & Kitchen,5,1499,0.0,7495.0,920,4600,2895.0,Debit Card,Completed,Jan 2025,2025
ORD-0396,2025-01-20,CUS-036,Pooja Saxena 2,Small Business,Mumbai,West,PRD-004,Laptop Stand,Office Supplies,3,1299,0.15,0.0,760,0,0.0,Net Banking,Returned,Jan 2025,2025
ORD-0397,2025-08-05,CUS-002,Diya Patel,Corporate,Kolkata,East,PRD-008,Storage Container Set,Home & Kitchen,5,999,0.05,4745.25,580,2900,1845.25,Credit Card,Completed,Aug 2025,2025
ORD-0398,2025-11-17,CUS-048,Meera Nair 3,Small Business,Pune,West,PRD-009,Table Lamp,Home & Kitchen,5,1499,0.05,7120.25,920,4600,2520.25,UPI,Completed,Nov 2025,2025
ORD-0399,2025-10-13,CUS-040,Kavya Reddy 2,Consumer,Lucknow,North,PRD-005,Executive Notebook,Office Supplies,5,349,0.1,1570.5,170,850,720.5,UPI,Completed,Oct 2025,2025
ORD-0400,2025-11-15,CUS-074,Neha Rao 4,Corporate,Hyderabad,South,PRD-001,Wireless Mouse,Electronics,5,899,0.05,0.0,540,0,0.0,Cash on Delivery,Cancelled,Nov 2025,2025
ORD-0401,2025-11-25,CUS-048,Meera Nair 3,Small Business,Mumbai,West,PRD-004,Laptop Stand,Office Supplies,5,1299,0.0,0.0,760,0,0.0,UPI,Returned,Nov 2025,2025
ORD-0402,2025-08-13,CUS-064,Ananya Gupta 4,Consumer,Bengaluru,South,PRD-008,Storage Container Set,Home & Kitchen,4,999,0.2,3196.8,580,2320,876.8,Credit Card,Completed,Aug 2025,2025
ORD-0403,2025-01-19,CUS-004,Ananya Gupta,Consumer,Lucknow,North,PRD-006,Desk Organiser,Office Supplies,4,699,0.15,2376.6,390,1560,816.6,Credit Card,Completed,Jan 2025,2025
ORD-0404,2025-04-08,CUS-004,Ananya Gupta,Consumer,Hyderabad,South,PRD-012,Stainless Water Bottle,Lifestyle,2,799,0.0,1598.0,410,820,778.0,UPI,Completed,Apr 2025,2025
ORD-0405,2025-04-22,CUS-069,Rohan Das 4,Small Business,Mumbai,West,PRD-007,Electric Kettle,Home & Kitchen,5,1699,0.0,8495.0,1040,5200,3295.0,Net Banking,Completed,Apr 2025,2025
ORD-0406,2025-02-23,CUS-050,Saanvi Iyer 3,Corporate,Hyderabad,South,PRD-010,Travel Backpack,Fashion,5,2199,0.0,10995.0,1380,6900,4095.0,Debit Card,Completed,Feb 2025,2025
ORD-0407,2025-01-19,CUS-079,Siddharth Jain 4,Consumer,Pune,West,PRD-012,Stainless Water Bottle,Lifestyle,5,799,0.1,0.0,410,0,0.0,UPI,Cancelled,Jan 2025,2025
ORD-0408,2025-02-20,CUS-010,Saanvi Iyer,Consumer,Bengaluru,South,PRD-004,Laptop Stand,Office Supplies,2,1299,0.05,2468.1,760,1520,948.1,Cash on Delivery,Completed,Feb 2025,2025
ORD-0409,2025-12-15,CUS-016,Pooja Saxena,Consumer,Kolkata,East,PRD-009,Table Lamp,Home & Kitchen,2,1499,0.2,0.0,920,0,0.0,Debit Card,Returned,Dec 2025,2025
ORD-0410,2025-12-24,CUS-061,Aarav Sharma 4,Consumer,Kolkata,East,PRD-005,Executive Notebook,Office Supplies,3,349,0.0,0.0,170,0,0.0,Net Banking,Returned,Dec 2025,2025
ORD-0411,2025-01-28,CUS-007,Kabir Khan,Consumer,Ahmedabad,West,PRD-005,Executive Notebook,Office Supplies,1,349,0.0,0.0,170,0,0.0,Debit Card,Returned,Jan 2025,2025
ORD-0412,2025-03-24,CUS-046,Isha Mehta 3,Consumer,Ahmedabad,West,PRD-008,Storage Container Set,Home & Kitchen,1,999,0.1,899.1,580,580,319.1,UPI,Completed,Mar 2025,2025
ORD-0413,2025-07-17,CUS-071,Aditya Joshi 4,Corporate,Bengaluru,South,PRD-006,Desk Organiser,Office Supplies,4,699,0.0,0.0,390,0,0.0,Debit Card,Returned,Jul 2025,2025
ORD-0414,2025-09-01,CUS-061,Aarav Sharma 4,Consumer,Delhi,North,PRD-001,Wireless Mouse,Electronics,3,899,0.2,2157.6,540,1620,537.6,Net Banking,Completed,Sep 2025,2025
ORD-0415,2025-11-23,CUS-071,Aditya Joshi 4,Corporate,Delhi,North,PRD-003,USB-C Hub,Electronics,3,1899,0.0,0.0,1180,0,0.0,Cash on Delivery,Returned,Nov 2025,2025
ORD-0416,2025-11-07,CUS-066,Isha Mehta 4,Small Business,Jaipur,North,PRD-002,Bluetooth Headphones,Electronics,2,2499,0.05,4748.1,1620,3240,1508.1,UPI,Completed,Nov 2025,2025
ORD-0417,2025-04-25,CUS-014,Neha Rao,Corporate,Bengaluru,South,PRD-004,Laptop Stand,Office Supplies,4,1299,0.1,4676.4,760,3040,1636.4,Net Banking,Completed,Apr 2025,2025
ORD-0418,2025-01-17,CUS-076,Pooja Saxena 4,Consumer,Bengaluru,South,PRD-003,USB-C Hub,Electronics,2,1899,0.15,3228.3,1180,2360,868.3,UPI,Completed,Jan 2025,2025
ORD-0419,2025-07-27,CUS-064,Ananya Gupta 4,Consumer,Hyderabad,South,PRD-007,Electric Kettle,Home & Kitchen,5,1699,0.15,7220.75,1040,5200,2020.75,Credit Card,Completed,Jul 2025,2025
ORD-0420,2025-03-17,CUS-067,Kabir Khan 4,Consumer,Hyderabad,South,PRD-008,Storage Container Set,Home & Kitchen,1,999,0.05,0.0,580,0,0.0,Debit Card,Returned,Mar 2025,2025
ORD-0421,2025-08-28,CUS-060,Kavya Reddy 3,Small Business,Jaipur,North,PRD-003,USB-C Hub,Electronics,4,1899,0.05,7216.2,1180,4720,2496.2,Cash on Delivery,Completed,Aug 2025,2025
ORD-0422,2025-09-13,CUS-049,Rohan Das 3,Consumer,Chennai,South,PRD-009,Table Lamp,Home & Kitchen,5,1499,0.05,7120.25,920,4600,2520.25,UPI,Completed,Sep 2025,2025
ORD-0423,2025-07-24,CUS-017,Vikram Yadav,Corporate,Ahmedabad,West,PRD-006,Desk Organiser,Office Supplies,4,699,0.05,0.0,390,0,0.0,Net Banking,Cancelled,Jul 2025,2025
ORD-0424,2025-11-05,CUS-028,Meera Nair 2,Consumer,Jaipur,North,PRD-001,Wireless Mouse,Electronics,3,899,0.05,2562.15,540,1620,942.15,UPI,Completed,Nov 2025,2025
ORD-0425,2025-06-03,CUS-003,Vihaan Singh,Small Business,Pune,West,PRD-004,Laptop Stand,Office Supplies,3,1299,0.1,0.0,760,0,0.0,Net Banking,Returned,Jun 2025,2025
ORD-0426,2025-10-23,CUS-077,Vikram Yadav 4,Corporate,Hyderabad,South,PRD-003,USB-C Hub,Electronics,4,1899,0.05,7216.2,1180,4720,2496.2,Credit Card,Completed,Oct 2025,2025
ORD-0427,2025-02-18,CUS-008,Meera Nair,Corporate,Pune,West,PRD-006,Desk Organiser,Office Supplies,4,699,0.0,0.0,390,0,0.0,Debit Card,Returned,Feb 2025,2025
ORD-0428,2025-09-15,CUS-056,Pooja Saxena 3,Corporate,Mumbai,West,PRD-003,USB-C Hub,Electronics,2,1899,0.1,3418.2,1180,2360,1058.2,UPI,Completed,Sep 2025,2025
ORD-0429,2025-06-26,CUS-025,Arjun Verma 2,Consumer,Kolkata,East,PRD-011,Classic Wallet,Fashion,2,1199,0.0,2398.0,690,1380,1018.0,Net Banking,Completed,Jun 2025,2025
ORD-0430,2025-12-20,CUS-058,Nisha Bansal 3,Consumer,Kolkata,East,PRD-003,USB-C Hub,Electronics,5,1899,0.05,9020.25,1180,5900,3120.25,Debit Card,Completed,Dec 2025,2025
ORD-0431,2025-08-31,CUS-033,Rahul Mishra 2,Small Business,Pune,West,PRD-005,Executive Notebook,Office Supplies,1,349,0.05,331.55,170,170,161.55,Net Banking,Completed,Aug 2025,2025
ORD-0432,2025-03-11,CUS-032,Priya Kapoor 2,Corporate,Mumbai,West,PRD-001,Wireless Mouse,Electronics,4,899,0.05,0.0,540,0,0.0,Debit Card,Cancelled,Mar 2025,2025
ORD-0433,2025-03-05,CUS-071,Aditya Joshi 4,Corporate,Jaipur,North,PRD-005,Executive Notebook,Office Supplies,4,349,0.15,1186.6,170,680,506.6,Credit Card,Completed,Mar 2025,2025
ORD-0434,2025-12-01,CUS-070,Saanvi Iyer 4,Consumer,Jaipur,North,PRD-005,Executive Notebook,Office Supplies,2,349,0.0,0.0,170,0,0.0,Credit Card,Returned,Dec 2025,2025
ORD-0435,2025-03-20,CUS-054,Neha Rao 3,Small Business,Bengaluru,South,PRD-009,Table Lamp,Home & Kitchen,3,1499,0.15,3822.45,920,2760,1062.45,Debit Card,Completed,Mar 2025,2025
ORD-0436,2025-08-11,CUS-010,Saanvi Iyer,Consumer,Jaipur,North,PRD-007,Electric Kettle,Home & Kitchen,4,1699,0.0,0.0,1040,0,0.0,Debit Card,Returned,Aug 2025,2025
ORD-0437,2025-03-26,CUS-063,Vihaan Singh 4,Small Business,Delhi,North,PRD-003,USB-C Hub,Electronics,4,1899,0.15,6456.6,1180,4720,1736.6,Cash on Delivery,Completed,Mar 2025,2025
ORD-0438,2025-07-30,CUS-059,Siddharth Jain 3,Corporate,Mumbai,West,PRD-007,Electric Kettle,Home & Kitchen,2,1699,0.15,2888.3,1040,2080,808.3,Debit Card,Completed,Jul 2025,2025
ORD-0439,2025-01-31,CUS-027,Kabir Khan 2,Small Business,Jaipur,North,PRD-002,Bluetooth Headphones,Electronics,4,2499,0.0,0.0,1620,0,0.0,Cash on Delivery,Returned,Jan 2025,2025
ORD-0440,2025-07-28,CUS-039,Siddharth Jain 2,Small Business,Lucknow,North,PRD-003,USB-C Hub,Electronics,1,1899,0.05,1804.05,1180,1180,624.05,Debit Card,Completed,Jul 2025,2025
ORD-0441,2025-11-30,CUS-021,Aarav Sharma 2,Small Business,Delhi,North,PRD-005,Executive Notebook,Office Supplies,1,349,0.0,349.0,170,170,179.0,UPI,Completed,Nov 2025,2025
ORD-0442,2025-03-21,CUS-001,Aarav Sharma,Consumer,Delhi,North,PRD-009,Table Lamp,Home & Kitchen,2,1499,0.0,2998.0,920,1840,1158.0,Debit Card,Completed,Mar 2025,2025
ORD-0443,2025-04-22,CUS-056,Pooja Saxena 3,Corporate,Hyderabad,South,PRD-001,Wireless Mouse,Electronics,2,899,0.0,1798.0,540,1080,718.0,Cash on Delivery,Completed,Apr 2025,2025
ORD-0444,2025-12-03,CUS-032,Priya Kapoor 2,Corporate,Lucknow,North,PRD-011,Classic Wallet,Fashion,2,1199,0.05,2278.1,690,1380,898.1,Cash on Delivery,Completed,Dec 2025,2025
ORD-0445,2025-07-13,CUS-051,Aditya Joshi 3,Small Business,Bengaluru,South,PRD-001,Wireless Mouse,Electronics,2,899,0.05,0.0,540,0,0.0,Credit Card,Cancelled,Jul 2025,2025
ORD-0446,2025-12-16,CUS-015,Karan Malhotra,Small Business,Bengaluru,South,PRD-003,USB-C Hub,Electronics,1,1899,0.05,0.0,1180,0,0.0,UPI,Cancelled,Dec 2025,2025
ORD-0447,2025-05-12,CUS-033,Rahul Mishra 2,Small Business,Ahmedabad,West,PRD-006,Desk Organiser,Office Supplies,5,699,0.05,0.0,390,0,0.0,Debit Card,Returned,May 2025,2025
ORD-0448,2025-01-13,CUS-073,Rahul Mishra 4,Consumer,Hyderabad,South,PRD-003,USB-C Hub,Electronics,2,1899,0.05,0.0,1180,0,0.0,Debit Card,Returned,Jan 2025,2025
ORD-0449,2025-04-30,CUS-038,Nisha Bansal 2,Corporate,Jaipur,North,PRD-004,Laptop Stand,Office Supplies,4,1299,0.0,0.0,760,0,0.0,Cash on Delivery,Cancelled,Apr 2025,2025
ORD-0450,2025-11-11,CUS-037,Vikram Yadav 2,Consumer,Jaipur,North,PRD-011,Classic Wallet,Fashion,3,1199,0.0,3597.0,690,2070,1527.0,Cash on Delivery,Completed,Nov 2025,2025
ORD-0451,2025-03-04,CUS-007,Kabir Khan,Consumer,Pune,West,PRD-007,Electric Kettle,Home & Kitchen,1,1699,0.05,1614.05,1040,1040,574.05,UPI,Completed,Mar 2025,2025
ORD-0452,2025-09-14,CUS-052,Priya Kapoor 3,Consumer,Mumbai,West,PRD-002,Bluetooth Headphones,Electronics,4,2499,0.15,8496.6,1620,6480,2016.6,Cash on Delivery,Completed,Sep 2025,2025
ORD-0453,2025-07-17,CUS-030,Saanvi Iyer 2,Small Business,Hyderabad,South,PRD-006,Desk Organiser,Office Supplies,1,699,0.1,0.0,390,0,0.0,UPI,Returned,Jul 2025,2025
ORD-0454,2025-01-27,CUS-073,Rahul Mishra 4,Consumer,Hyderabad,South,PRD-006,Desk Organiser,Office Supplies,1,699,0.2,559.2,390,390,169.2,UPI,Completed,Jan 2025,2025
ORD-0455,2025-06-10,CUS-070,Saanvi Iyer 4,Consumer,Kolkata,East,PRD-003,USB-C Hub,Electronics,4,1899,0.15,6456.6,1180,4720,1736.6,Debit Card,Completed,Jun 2025,2025
ORD-0456,2025-03-19,CUS-051,Aditya Joshi 3,Small Business,Jaipur,North,PRD-005,Executive Notebook,Office Supplies,5,349,0.0,0.0,170,0,0.0,Credit Card,Cancelled,Mar 2025,2025
ORD-0457,2025-01-09,CUS-038,Nisha Bansal 2,Corporate,Ahmedabad,West,PRD-012,Stainless Water Bottle,Lifestyle,1,799,0.2,639.2,410,410,229.2,Debit Card,Completed,Jan 2025,2025
ORD-0458,2025-07-26,CUS-014,Neha Rao,Corporate,Delhi,North,PRD-007,Electric Kettle,Home & Kitchen,1,1699,0.2,1359.2,1040,1040,319.2,Cash on Delivery,Completed,Jul 2025,2025
ORD-0459,2025-12-02,CUS-070,Saanvi Iyer 4,Consumer,Jaipur,North,PRD-006,Desk Organiser,Office Supplies,4,699,0.15,2376.6,390,1560,816.6,Net Banking,Completed,Dec 2025,2025
ORD-0460,2025-08-26,CUS-062,Diya Patel 4,Corporate,Chennai,South,PRD-006,Desk Organiser,Office Supplies,5,699,0.15,2970.75,390,1950,1020.75,Credit Card,Completed,Aug 2025,2025
ORD-0461,2025-10-24,CUS-016,Pooja Saxena,Consumer,Chennai,South,PRD-003,USB-C Hub,Electronics,4,1899,0.0,7596.0,1180,4720,2876.0,UPI,Completed,Oct 2025,2025
ORD-0462,2025-11-17,CUS-008,Meera Nair,Corporate,Jaipur,North,PRD-003,USB-C Hub,Electronics,5,1899,0.1,8545.5,1180,5900,2645.5,Debit Card,Completed,Nov 2025,2025
ORD-0463,2025-09-20,CUS-042,Diya Patel 3,Small Business,Kolkata,East,PRD-006,Desk Organiser,Office Supplies,2,699,0.15,1188.3,390,780,408.3,Net Banking,Completed,Sep 2025,2025
ORD-0464,2025-11-06,CUS-024,Ananya Gupta 2,Small Business,Pune,West,PRD-005,Executive Notebook,Office Supplies,4,349,0.0,0.0,170,0,0.0,Net Banking,Cancelled,Nov 2025,2025
ORD-0465,2025-02-14,CUS-022,Diya Patel 2,Consumer,Delhi,North,PRD-002,Bluetooth Headphones,Electronics,5,2499,0.2,9996.0,1620,8100,1896.0,UPI,Completed,Feb 2025,2025
ORD-0466,2025-11-17,CUS-029,Rohan Das 2,Corporate,Jaipur,North,PRD-012,Stainless Water Bottle,Lifestyle,2,799,0.0,0.0,410,0,0.0,Cash on Delivery,Returned,Nov 2025,2025
ORD-0467,2025-01-22,CUS-001,Aarav Sharma,Consumer,Lucknow,North,PRD-007,Electric Kettle,Home & Kitchen,5,1699,0.1,0.0,1040,0,0.0,Credit Card,Cancelled,Jan 2025,2025
ORD-0468,2025-05-19,CUS-064,Ananya Gupta 4,Consumer,Hyderabad,South,PRD-001,Wireless Mouse,Electronics,2,899,0.0,1798.0,540,1080,718.0,Net Banking,Completed,May 2025,2025
ORD-0469,2025-09-08,CUS-072,Priya Kapoor 4,Small Business,Bengaluru,South,PRD-001,Wireless Mouse,Electronics,2,899,0.0,1798.0,540,1080,718.0,UPI,Completed,Sep 2025,2025
ORD-0470,2025-11-22,CUS-080,Kavya Reddy 4,Corporate,Lucknow,North,PRD-012,Stainless Water Bottle,Lifestyle,1,799,0.15,0.0,410,0,0.0,Credit Card,Returned,Nov 2025,2025
ORD-0471,2025-07-19,CUS-010,Saanvi Iyer,Consumer,Kolkata,East,PRD-007,Electric Kettle,Home & Kitchen,5,1699,0.1,7645.5,1040,5200,2445.5,Cash on Delivery,Completed,Jul 2025,2025
ORD-0472,2025-03-22,CUS-078,Nisha Bansal 4,Small Business,Lucknow,North,PRD-007,Electric Kettle,Home & Kitchen,5,1699,0.0,0.0,1040,0,0.0,Debit Card,Cancelled,Mar 2025,2025
ORD-0473,2025-09-20,CUS-048,Meera Nair 3,Small Business,Hyderabad,South,PRD-004,Laptop Stand,Office Supplies,2,1299,0.0,2598.0,760,1520,1078.0,UPI,Completed,Sep 2025,2025
ORD-0474,2025-12-16,CUS-010,Saanvi Iyer,Consumer,Lucknow,North,PRD-003,USB-C Hub,Electronics,3,1899,0.2,4557.6,1180,3540,1017.6,UPI,Completed,Dec 2025,2025
ORD-0475,2025-09-13,CUS-030,Saanvi Iyer 2,Small Business,Hyderabad,South,PRD-008,Storage Container Set,Home & Kitchen,1,999,0.0,999.0,580,580,419.0,Net Banking,Completed,Sep 2025,2025
ORD-0476,2025-06-10,CUS-066,Isha Mehta 4,Small Business,Delhi,North,PRD-010,Travel Backpack,Fashion,3,2199,0.05,6267.15,1380,4140,2127.15,Cash on Delivery,Completed,Jun 2025,2025
ORD-0477,2025-11-25,CUS-077,Vikram Yadav 4,Corporate,Bengaluru,South,PRD-001,Wireless Mouse,Electronics,1,899,0.2,719.2,540,540,179.2,Cash on Delivery,Completed,Nov 2025,2025
ORD-0478,2025-05-09,CUS-005,Arjun Verma,Corporate,Delhi,North,PRD-006,Desk Organiser,Office Supplies,1,699,0.0,0.0,390,0,0.0,Credit Card,Returned,May 2025,2025
ORD-0479,2025-11-10,CUS-030,Saanvi Iyer 2,Small Business,Bengaluru,South,PRD-008,Storage Container Set,Home & Kitchen,3,999,0.15,0.0,580,0,0.0,Debit Card,Cancelled,Nov 2025,2025
ORD-0480,2025-12-16,CUS-039,Siddharth Jain 2,Small Business,Pune,West,PRD-004,Laptop Stand,Office Supplies,3,1299,0.15,3312.45,760,2280,1032.45,Cash on Delivery,Completed,Dec 2025,2025
ORD-0481,2025-10-19,CUS-018,Nisha Bansal,Small Business,Chennai,South,PRD-009,Table Lamp,Home & Kitchen,3,1499,0.2,0.0,920,0,0.0,Net Banking,Cancelled,Oct 2025,2025
ORD-0482,2025-04-30,CUS-030,Saanvi Iyer 2,Small Business,Lucknow,North,PRD-008,Storage Container Set,Home & Kitchen,3,999,0.0,0.0,580,0,0.0,Cash on Delivery,Cancelled,Apr 2025,2025
ORD-0483,2025-10-29,CUS-048,Meera Nair 3,Small Business,Kolkata,East,PRD-006,Desk Organiser,Office Supplies,5,699,0.05,0.0,390,0,0.0,Debit Card,Cancelled,Oct 2025,2025
ORD-0484,2025-11-20,CUS-020,Kavya Reddy,Corporate,Lucknow,North,PRD-004,Laptop Stand,Office Supplies,2,1299,0.0,0.0,760,0,0.0,Cash on Delivery,Cancelled,Nov 2025,2025
ORD-0485,2025-03-18,CUS-009,Rohan Das,Small Business,Lucknow,North,PRD-006,Desk Organiser,Office Supplies,2,699,0.1,1258.2,390,780,478.2,Net Banking,Completed,Mar 2025,2025
ORD-0486,2025-09-24,CUS-031,Aditya Joshi 2,Consumer,Kolkata,East,PRD-003,USB-C Hub,Electronics,4,1899,0.1,6836.4,1180,4720,2116.4,Debit Card,Completed,Sep 2025,2025
ORD-0487,2025-02-14,CUS-026,Isha Mehta 2,Corporate,Bengaluru,South,PRD-002,Bluetooth Headphones,Electronics,5,2499,0.1,0.0,1620,0,0.0,Cash on Delivery,Returned,Feb 2025,2025
ORD-0488,2025-07-11,CUS-030,Saanvi Iyer 2,Small Business,Delhi,North,PRD-003,USB-C Hub,Electronics,3,1899,0.0,5697.0,1180,3540,2157.0,Net Banking,Completed,Jul 2025,2025
ORD-0489,2025-07-14,CUS-022,Diya Patel 2,Consumer,Kolkata,East,PRD-004,Laptop Stand,Office Supplies,1,1299,0.1,1169.1,760,760,409.1,Cash on Delivery,Completed,Jul 2025,2025
ORD-0490,2025-04-12,CUS-046,Isha Mehta 3,Consumer,Chennai,South,PRD-002,Bluetooth Headphones,Electronics,3,2499,0.15,6372.45,1620,4860,1512.45,Cash on Delivery,Completed,Apr 2025,2025
ORD-0491,2025-05-02,CUS-057,Vikram Yadav 3,Small Business,Pune,West,PRD-004,Laptop Stand,Office Supplies,2,1299,0.2,2078.4,760,1520,558.4,Credit Card,Completed,May 2025,2025
ORD-0492,2025-02-03,CUS-069,Rohan Das 4,Small Business,Hyderabad,South,PRD-007,Electric Kettle,Home & Kitchen,3,1699,0.05,4842.15,1040,3120,1722.15,Cash on Delivery,Completed,Feb 2025,2025
ORD-0493,2025-11-19,CUS-032,Priya Kapoor 2,Corporate,Chennai,South,PRD-010,Travel Backpack,Fashion,3,2199,0.2,5277.6,1380,4140,1137.6,Debit Card,Completed,Nov 2025,2025
ORD-0494,2025-08-02,CUS-007,Kabir Khan,Consumer,Delhi,North,PRD-012,Stainless Water Bottle,Lifestyle,5,799,0.0,3995.0,410,2050,1945.0,Credit Card,Completed,Aug 2025,2025
ORD-0495,2025-09-09,CUS-023,Vihaan Singh 2,Corporate,Jaipur,North,PRD-007,Electric Kettle,Home & Kitchen,1,1699,0.0,1699.0,1040,1040,659.0,UPI,Completed,Sep 2025,2025
ORD-0496,2025-02-25,CUS-060,Kavya Reddy 3,Small Business,Delhi,North,PRD-001,Wireless Mouse,Electronics,1,899,0.2,0.0,540,0,0.0,Net Banking,Returned,Feb 2025,2025
ORD-0497,2025-02-10,CUS-005,Arjun Verma,Corporate,Chennai,South,PRD-004,Laptop Stand,Office Supplies,3,1299,0.15,0.0,760,0,0.0,UPI,Returned,Feb 2025,2025
ORD-0498,2025-06-27,CUS-027,Kabir Khan 2,Small Business,Bengaluru,South,PRD-006,Desk Organiser,Office Supplies,3,699,0.15,0.0,390,0,0.0,UPI,Returned,Jun 2025,2025
ORD-0499,2025-09-01,CUS-079,Siddharth Jain 4,Consumer,Kolkata,East,PRD-006,Desk Organiser,Office Supplies,2,699,0.05,0.0,390,0,0.0,UPI,Returned,Sep 2025,2025
ORD-0500,2025-07-23,CUS-039,Siddharth Jain 2,Small Business,Pune,West,PRD-004,Laptop Stand,Office Supplies,3,1299,0.0,0.0,760,0,0.0,Debit Card,Returned,Jul 2025,2025
